experiment,image_index,channel,avg_intensity,median_intensity,min_intensity,area,base_name
02112025_Cen-ZF_select_HCT116_session1,0,0,5393.6096946715725,5290.0,2220,2288103,02112025_Cen-ZF_select_HCT116_NT-GFP_Cen7-ZF1g_1_MMStack_Pos8_MIP
02112025_Cen-ZF_select_HCT116_session1,0,1,2001.2472852506487,1302.0,400,2288103,02112025_Cen-ZF_select_HCT116_NT-GFP_Cen7-ZF1g_1_MMStack_Pos8_MIP
02112025_Cen-ZF_select_HCT116_session1,1,0,3805.0949308519653,3592.0,1055,2537314,02112025_Cen-ZF_select_HCT116_NT-GFP_Cen5-ZF2b_1_MMStack_Pos6_MIP
02112025_Cen-ZF_select_HCT116_session1,1,1,1633.0400041776527,1019.0,444,2537314,02112025_Cen-ZF_select_HCT116_NT-GFP_Cen5-ZF2b_1_MMStack_Pos6_MIP
02112025_Cen-ZF_select_HCT116_session1,2,0,4563.179664501427,4260.0,1587,2439610,02112025_Cen-ZF_select_HCT116_utx_1_MMStack_Pos8_MIP
02112025_Cen-ZF_select_HCT116_session1,2,1,608.3554633591552,618.0,330,2439610,02112025_Cen-ZF_select_HCT116_utx_1_MMStack_Pos8_MIP
02112025_Cen-ZF_select_HCT116_session1,3,0,4189.189280913779,3942.0,1098,2368633,02112025_Cen-ZF_select_HCT116_NT-GFP_Cen4-ZF4c_1_MMStack_Pos2_MIP
02112025_Cen-ZF_select_HCT116_session1,3,1,1262.5981655471132,907.0,372,2368633,02112025_Cen-ZF_select_HCT116_NT-GFP_Cen4-ZF4c_1_MMStack_Pos2_MIP
02112025_Cen-ZF_select_HCT116_session1,4,0,3822.724800428375,3475.0,1319,2437927,02112025_Cen-ZF_select_HCT116_NT-GFP_Cen15-ZF2c_1_MMStack_Pos1_MIP
02112025_Cen-ZF_select_HCT116_session1,4,1,1882.600909222748,949.0,410,2437927,02112025_Cen-ZF_select_HCT116_NT-GFP_Cen15-ZF2c_1_MMStack_Pos1_MIP
02112025_Cen-ZF_select_HCT116_session1,5,0,4092.0082507332136,3790.0,1454,2593499,02112025_Cen-ZF_select_HCT116_NT-GFP_Cen10-ZF1c_1_MMStack_Pos3_MIP
02112025_Cen-ZF_select_HCT116_session1,5,1,2475.338992591699,1361.0,445,2593499,02112025_Cen-ZF_select_HCT116_NT-GFP_Cen10-ZF1c_1_MMStack_Pos3_MIP
02112025_Cen-ZF_select_HCT116_session1,6,0,3900.5624342379424,3799.0,1137,2505244,02112025_Cen-ZF_select_HCT116_NT-GFP_Cen9-ZF1a_1_MMStack_Pos8_MIP
02112025_Cen-ZF_select_HCT116_session1,6,1,861.2469009006708,693.0,372,2505244,02112025_Cen-ZF_select_HCT116_NT-GFP_Cen9-ZF1a_1_MMStack_Pos8_MIP
02112025_Cen-ZF_select_HCT116_session1,7,0,3789.5796785104812,3556.0,1434,2600235,02112025_Cen-ZF_select_HCT116_NT-GFP_Cen12-ZF2b_1_MMStack_Pos5_MIP
02112025_Cen-ZF_select_HCT116_session1,7,1,1698.5574839802675,1030.0,363,2600235,02112025_Cen-ZF_select_HCT116_NT-GFP_Cen12-ZF2b_1_MMStack_Pos5_MIP
02112025_Cen-ZF_select_HCT116_session1,8,0,3838.5938600644045,3370.0,1276,2532177,02112025_Cen-ZF_select_HCT116_NT-GFP_Cen10-ZF2c_1_MMStack_Pos8_MIP
02112025_Cen-ZF_select_HCT116_session1,8,1,2605.604197082901,1269.0,438,2532177,02112025_Cen-ZF_select_HCT116_NT-GFP_Cen10-ZF2c_1_MMStack_Pos8_MIP
02112025_Cen-ZF_select_HCT116_session1,9,0,4458.8781587108515,4132.0,1390,2453224,02112025_Cen-ZF_select_HCT116_NT-GFP_Cen6-ZF1c_1_MMStack_Pos3_MIP
02112025_Cen-ZF_select_HCT116_session1,9,1,1212.23765905652,829.0,408,2453224,02112025_Cen-ZF_select_HCT116_NT-GFP_Cen6-ZF1c_1_MMStack_Pos3_MIP
02112025_Cen-ZF_select_HCT116_session1,10,0,4272.097266691142,4010.0,1155,2396038,02112025_Cen-ZF_select_HCT116_NT-GFP_Cen10-ZF1c_1_MMStack_Pos10_MIP
02112025_Cen-ZF_select_HCT116_session1,10,1,2527.268872502229,1467.0,452,2396038,02112025_Cen-ZF_select_HCT116_NT-GFP_Cen10-ZF1c_1_MMStack_Pos10_MIP
02112025_Cen-ZF_select_HCT116_session1,11,0,3895.1589171177266,3678.0,1427,2480705,02112025_Cen-ZF_select_HCT116_NT-GFP_Cen2-ZF2a_1_MMStack_Pos8_MIP
02112025_Cen-ZF_select_HCT116_session1,11,1,1390.2502000492616,919.0,434,2480705,02112025_Cen-ZF_select_HCT116_NT-GFP_Cen2-ZF2a_1_MMStack_Pos8_MIP
02112025_Cen-ZF_select_HCT116_session1,12,0,4449.8277140714745,4246.0,1900,2577967,02112025_Cen-ZF_select_HCT116_NT-GFP_Cen7-ZF1e_1_MMStack_Pos2_MIP
02112025_Cen-ZF_select_HCT116_session1,12,1,1726.389009767294,1221.0,453,2577967,02112025_Cen-ZF_select_HCT116_NT-GFP_Cen7-ZF1e_1_MMStack_Pos2_MIP
02112025_Cen-ZF_select_HCT116_session1,13,0,5093.428065793377,5042.0,1897,2147528,02112025_Cen-ZF_select_HCT116_NT-GFP_Cen7-ZF2h_1_MMStack_Pos0_MIP
02112025_Cen-ZF_select_HCT116_session1,13,1,1045.9825928714683,760.0,409,2147528,02112025_Cen-ZF_select_HCT116_NT-GFP_Cen7-ZF2h_1_MMStack_Pos0_MIP
02112025_Cen-ZF_select_HCT116_session1,14,0,4047.7833315218018,3921.0,1379,2276912,02112025_Cen-ZF_select_HCT116_NT-GFP_Cen14-ZF1a_1_MMStack_Pos3_MIP
02112025_Cen-ZF_select_HCT116_session1,14,1,2328.2954899928336,1385.0,542,2276912,02112025_Cen-ZF_select_HCT116_NT-GFP_Cen14-ZF1a_1_MMStack_Pos3_MIP
02112025_Cen-ZF_select_HCT116_session1,15,0,4598.963674919746,4422.0,1776,2291810,02112025_Cen-ZF_select_HCT116_NT-GFP_Cen2-ZF1a_1_MMStack_Pos3_MIP
02112025_Cen-ZF_select_HCT116_session1,15,1,868.8875211632829,741.0,413,2291810,02112025_Cen-ZF_select_HCT116_NT-GFP_Cen2-ZF1a_1_MMStack_Pos3_MIP
02112025_Cen-ZF_select_HCT116_session1,16,0,5217.947121431481,5065.0,1669,2131027,02112025_Cen-ZF_select_HCT116_NT-GFP_Cen4-ZF3c_1_MMStack_Pos1_MIP
02112025_Cen-ZF_select_HCT116_session1,16,1,2307.334064746273,1474.0,487,2131027,02112025_Cen-ZF_select_HCT116_NT-GFP_Cen4-ZF3c_1_MMStack_Pos1_MIP
02112025_Cen-ZF_select_HCT116_session1,17,0,4125.155905147567,4018.0,1449,2513328,02112025_Cen-ZF_select_HCT116_NT-GFP_Cen9-ZF1a_1_MMStack_Pos11_MIP
02112025_Cen-ZF_select_HCT116_session1,17,1,1422.2410961390858,911.0,478,2513328,02112025_Cen-ZF_select_HCT116_NT-GFP_Cen9-ZF1a_1_MMStack_Pos11_MIP
02112025_Cen-ZF_select_HCT116_session1,18,0,4371.158741237344,4173.0,1374,2581838,02112025_Cen-ZF_select_HCT116_NT-GFP_Cen7-ZF1f_1_MMStack_Pos3_MIP
02112025_Cen-ZF_select_HCT116_session1,18,1,867.4701691082745,735.0,411,2581838,02112025_Cen-ZF_select_HCT116_NT-GFP_Cen7-ZF1f_1_MMStack_Pos3_MIP
02112025_Cen-ZF_select_HCT116_session1,19,0,3023.671359775095,2959.0,1114,2546855,02112025_Cen-ZF_select_HCT116_NT-GFP_Cen12-ZF1b_1_MMStack_Pos7_MIP
02112025_Cen-ZF_select_HCT116_session1,19,1,762.8473230710033,700.0,368,2546855,02112025_Cen-ZF_select_HCT116_NT-GFP_Cen12-ZF1b_1_MMStack_Pos7_MIP
02112025_Cen-ZF_select_HCT116_session1,20,0,3902.079439168718,3673.0,1322,2526776,02112025_Cen-ZF_select_HCT116_NT-GFP_Cen15-ZF2c_1_MMStack_Pos8_MIP
02112025_Cen-ZF_select_HCT116_session1,20,1,1552.1720541107784,990.0,378,2526776,02112025_Cen-ZF_select_HCT116_NT-GFP_Cen15-ZF2c_1_MMStack_Pos8_MIP
02112025_Cen-ZF_select_HCT116_session1,21,0,3910.504978957988,3734.0,1731,2357541,02112025_Cen-ZF_select_HCT116_NT-GFP_Cen9-ZF1a_1_MMStack_Pos1_MIP
02112025_Cen-ZF_select_HCT116_session1,21,1,1070.7420163004915,770.0,374,2357541,02112025_Cen-ZF_select_HCT116_NT-GFP_Cen9-ZF1a_1_MMStack_Pos1_MIP
02112025_Cen-ZF_select_HCT116_session1,22,0,4246.905097373542,4109.0,1598,1998754,02112025_Cen-ZF_select_HCT116_NT-GFP_Cen8-ZF3a_1_MMStack_Pos6_MIP
02112025_Cen-ZF_select_HCT116_session1,22,1,1452.4439060038276,1008.0,455,1998754,02112025_Cen-ZF_select_HCT116_NT-GFP_Cen8-ZF3a_1_MMStack_Pos6_MIP
02112025_Cen-ZF_select_HCT116_session1,23,0,4142.398012925384,3957.0,1418,2670559,02112025_Cen-ZF_select_HCT116_NT-GFP_Cen10-ZF2c_1_MMStack_Pos1_MIP
02112025_Cen-ZF_select_HCT116_session1,23,1,3044.5732702404252,1355.0,462,2670559,02112025_Cen-ZF_select_HCT116_NT-GFP_Cen10-ZF2c_1_MMStack_Pos1_MIP
02112025_Cen-ZF_select_HCT116_session1,24,0,5047.740441990736,4981.0,1793,2062974,02112025_Cen-ZF_select_HCT116_NT-GFP_Cen7-ZF1g_1_MMStack_Pos1_MIP
02112025_Cen-ZF_select_HCT116_session1,24,1,4164.483492080441,2031.0,611,2062974,02112025_Cen-ZF_select_HCT116_NT-GFP_Cen7-ZF1g_1_MMStack_Pos1_MIP
02112025_Cen-ZF_select_HCT116_session1,25,0,3835.075830398464,3736.0,1279,2547346,02112025_Cen-ZF_select_HCT116_NT-GFP_Cen5-ZF2b_1_MMStack_Pos11_MIP
02112025_Cen-ZF_select_HCT116_session1,25,1,1354.6676732816775,884.0,418,2547346,02112025_Cen-ZF_select_HCT116_NT-GFP_Cen5-ZF2b_1_MMStack_Pos11_MIP
02112025_Cen-ZF_select_HCT116_session1,26,0,4998.032562542179,4320.0,1567,2381290,02112025_Cen-ZF_select_HCT116_utx_1_MMStack_Pos1_MIP
02112025_Cen-ZF_select_HCT116_session1,26,1,630.7989919508087,637.0,320,2381290,02112025_Cen-ZF_select_HCT116_utx_1_MMStack_Pos1_MIP
02112025_Cen-ZF_select_HCT116_session1,27,0,4681.874194826565,4530.0,1520,2158353,02112025_Cen-ZF_select_HCT116_NT-GFP_Cen4-ZF3c_1_MMStack_Pos8_MIP
02112025_Cen-ZF_select_HCT116_session1,27,1,2632.578395853048,1545.0,582,2158353,02112025_Cen-ZF_select_HCT116_NT-GFP_Cen4-ZF3c_1_MMStack_Pos8_MIP
02112025_Cen-ZF_select_HCT116_session1,28,0,5077.877271963361,4955.0,1606,2047318,02112025_Cen-ZF_select_HCT116_NT-GFP_Cen4-ZF3c_1_MMStack_Pos10_MIP
02112025_Cen-ZF_select_HCT116_session1,28,1,1087.4470754934391,788.0,399,2047318,02112025_Cen-ZF_select_HCT116_NT-GFP_Cen4-ZF3c_1_MMStack_Pos10_MIP
02112025_Cen-ZF_select_HCT116_session1,29,0,4237.850466304625,3894.0,1514,2438222,02112025_Cen-ZF_select_HCT116_NT-GFP_Cen8-ZF4b_1_MMStack_Pos4_MIP
02112025_Cen-ZF_select_HCT116_session1,29,1,1934.8213191382376,1155.0,465,2438222,02112025_Cen-ZF_select_HCT116_NT-GFP_Cen8-ZF4b_1_MMStack_Pos4_MIP
02112025_Cen-ZF_select_HCT116_session1,30,0,3988.391563898779,3808.0,1296,2370148,02112025_Cen-ZF_select_HCT116_NT-GFP_Cen11-ZF1b_1_MMStack_Pos2_MIP
02112025_Cen-ZF_select_HCT116_session1,30,1,2432.540302774469,1202.0,413,2370148,02112025_Cen-ZF_select_HCT116_NT-GFP_Cen11-ZF1b_1_MMStack_Pos2_MIP
02112025_Cen-ZF_select_HCT116_session1,31,0,5073.051239141139,4923.0,1729,1995369,02112025_Cen-ZF_select_HCT116_NT-GFP_Cen1-ZF1c_1_MMStack_Pos5_MIP
02112025_Cen-ZF_select_HCT116_session1,31,1,1565.9670928481642,1017.0,511,1995369,02112025_Cen-ZF_select_HCT116_NT-GFP_Cen1-ZF1c_1_MMStack_Pos5_MIP
02112025_Cen-ZF_select_HCT116_session1,32,0,5642.161535526582,5417.0,1921,2166877,02112025_Cen-ZF_select_HCT116_NT-GFP_Cen7-ZF2h_1_MMStack_Pos9_MIP
02112025_Cen-ZF_select_HCT116_session1,32,1,1392.2752994845919,854.0,411,2166877,02112025_Cen-ZF_select_HCT116_NT-GFP_Cen7-ZF2h_1_MMStack_Pos9_MIP
02112025_Cen-ZF_select_HCT116_session1,33,0,3927.197303382952,3645.0,1785,2807962,02112025_Cen-ZF_select_HCT116_NT-GFP_Cen2-ZF2a_1_MMStack_Pos1_MIP
02112025_Cen-ZF_select_HCT116_session1,33,1,2228.7283637013807,1010.0,436,2807962,02112025_Cen-ZF_select_HCT116_NT-GFP_Cen2-ZF2a_1_MMStack_Pos1_MIP
02112025_Cen-ZF_select_HCT116_session1,34,0,4268.163305927337,4193.0,1453,2392206,02112025_Cen-ZF_select_HCT116_NT-GFP_TLP1c_1_MMStack_Pos1_MIP
02112025_Cen-ZF_select_HCT116_session1,34,1,2121.9227854949177,1075.0,438,2392206,02112025_Cen-ZF_select_HCT116_NT-GFP_TLP1c_1_MMStack_Pos1_MIP
02112025_Cen-ZF_select_HCT116_session1,35,0,4386.2935270635,3971.0,1589,2677797,02112025_Cen-ZF_select_HCT116_NT-GFP_Cen6-ZF1c_1_MMStack_Pos10_MIP
02112025_Cen-ZF_select_HCT116_session1,35,1,1753.1082988454373,994.0,445,2677797,02112025_Cen-ZF_select_HCT116_NT-GFP_Cen6-ZF1c_1_MMStack_Pos10_MIP
02112025_Cen-ZF_select_HCT116_session1,36,0,4499.412234344347,4299.0,1498,1966226,02112025_Cen-ZF_select_HCT116_NT-GFP_Cen8-ZF3a_1_MMStack_Pos7_MIP
02112025_Cen-ZF_select_HCT116_session1,36,1,1433.979157410413,910.0,376,1966226,02112025_Cen-ZF_select_HCT116_NT-GFP_Cen8-ZF3a_1_MMStack_Pos7_MIP
02112025_Cen-ZF_select_HCT116_session1,37,0,4224.59269537328,4035.0,1444,2352883,02112025_Cen-ZF_select_HCT116_NT-GFP_Cen9-ZF1a_1_MMStack_Pos0_MIP
02112025_Cen-ZF_select_HCT116_session1,37,1,1168.3377211397367,769.0,340,2352883,02112025_Cen-ZF_select_HCT116_NT-GFP_Cen9-ZF1a_1_MMStack_Pos0_MIP
02112025_Cen-ZF_select_HCT116_session1,38,0,4829.613210903728,4614.0,1745,2366816,02112025_Cen-ZF_select_HCT116_NT-GFP_Cen10-ZF2c_1_MMStack_Pos0_MIP
02112025_Cen-ZF_select_HCT116_session1,38,1,5585.70060003465,2272.0,761,2366816,02112025_Cen-ZF_select_HCT116_NT-GFP_Cen10-ZF2c_1_MMStack_Pos0_MIP
02112025_Cen-ZF_select_HCT116_session1,39,0,3538.269144937538,3365.0,989,2223278,02112025_Cen-ZF_select_HCT116_NT-GFP_Cen12-ZF1b_1_MMStack_Pos6_MIP
02112025_Cen-ZF_select_HCT116_session1,39,1,1180.887086311685,780.0,419,2223278,02112025_Cen-ZF_select_HCT116_NT-GFP_Cen12-ZF1b_1_MMStack_Pos6_MIP
02112025_Cen-ZF_select_HCT116_session1,40,0,3938.669304766016,3661.0,1423,2474964,02112025_Cen-ZF_select_HCT116_NT-GFP_Cen15-ZF2c_1_MMStack_Pos9_MIP
02112025_Cen-ZF_select_HCT116_session1,40,1,1509.421606899462,1049.0,457,2474964,02112025_Cen-ZF_select_HCT116_NT-GFP_Cen15-ZF2c_1_MMStack_Pos9_MIP
02112025_Cen-ZF_select_HCT116_session1,41,0,3757.985173806376,3483.0,1323,2592008,02112025_Cen-ZF_select_HCT116_NT-GFP_Cen5-ZF2b_1_MMStack_Pos10_MIP
02112025_Cen-ZF_select_HCT116_session1,41,1,3158.883893188741,1581.0,436,2592008,02112025_Cen-ZF_select_HCT116_NT-GFP_Cen5-ZF2b_1_MMStack_Pos10_MIP
02112025_Cen-ZF_select_HCT116_session1,42,0,4493.884133937262,4246.0,1394,2443118,02112025_Cen-ZF_select_HCT116_utx_1_MMStack_Pos0_MIP
02112025_Cen-ZF_select_HCT116_session1,42,1,649.717977139012,656.0,320,2443118,02112025_Cen-ZF_select_HCT116_utx_1_MMStack_Pos0_MIP
02112025_Cen-ZF_select_HCT116_session1,43,0,5004.966247763585,4897.0,1999,2092135,02112025_Cen-ZF_select_HCT116_NT-GFP_Cen7-ZF1g_1_MMStack_Pos0_MIP
02112025_Cen-ZF_select_HCT116_session1,43,1,3148.196270643368,1606.0,453,2092135,02112025_Cen-ZF_select_HCT116_NT-GFP_Cen7-ZF1g_1_MMStack_Pos0_MIP
02112025_Cen-ZF_select_HCT116_session1,44,0,4061.1957843536193,3703.0,1414,2641832,02112025_Cen-ZF_select_HCT116_NT-GFP_Cen11-ZF1b_1_MMStack_Pos3_MIP
02112025_Cen-ZF_select_HCT116_session1,44,1,2971.4958757676986,1680.0,610,2641832,02112025_Cen-ZF_select_HCT116_NT-GFP_Cen11-ZF1b_1_MMStack_Pos3_MIP
02112025_Cen-ZF_select_HCT116_session1,45,0,4676.534501005651,4462.0,1405,2090269,02112025_Cen-ZF_select_HCT116_NT-GFP_Cen4-ZF3c_1_MMStack_Pos9_MIP
02112025_Cen-ZF_select_HCT116_session1,45,1,1294.0880701082272,930.0,412,2090269,02112025_Cen-ZF_select_HCT116_NT-GFP_Cen4-ZF3c_1_MMStack_Pos9_MIP
02112025_Cen-ZF_select_HCT116_session1,46,0,4472.59404288749,4139.0,1411,2409597,02112025_Cen-ZF_select_HCT116_NT-GFP_Cen8-ZF4b_1_MMStack_Pos5_MIP
02112025_Cen-ZF_select_HCT116_session1,46,1,2099.52198685572,1346.0,474,2409597,02112025_Cen-ZF_select_HCT116_NT-GFP_Cen8-ZF4b_1_MMStack_Pos5_MIP
02112025_Cen-ZF_select_HCT116_session1,47,0,4172.839064493646,4087.0,1229,2245756,02112025_Cen-ZF_select_HCT116_NT-GFP_Cen4-ZF3c_1_MMStack_Pos11_MIP
02112025_Cen-ZF_select_HCT116_session1,47,1,2298.24407024982,1287.0,507,2245756,02112025_Cen-ZF_select_HCT116_NT-GFP_Cen4-ZF3c_1_MMStack_Pos11_MIP
02112025_Cen-ZF_select_HCT116_session1,48,0,4172.863266447549,3971.0,1426,2419192,02112025_Cen-ZF_select_HCT116_NT-GFP_Cen6-ZF1c_1_MMStack_Pos11_MIP
02112025_Cen-ZF_select_HCT116_session1,48,1,1179.4800328552076,850.0,340,2419192,02112025_Cen-ZF_select_HCT116_NT-GFP_Cen6-ZF1c_1_MMStack_Pos11_MIP
02112025_Cen-ZF_select_HCT116_session1,49,0,5120.248703118508,5071.0,1420,2008449,02112025_Cen-ZF_select_HCT116_NT-GFP_Cen1-ZF1c_1_MMStack_Pos4_MIP
02112025_Cen-ZF_select_HCT116_session1,49,1,951.5383091901307,725.0,353,2008449,02112025_Cen-ZF_select_HCT116_NT-GFP_Cen1-ZF1c_1_MMStack_Pos4_MIP
02112025_Cen-ZF_select_HCT116_session1,50,0,4106.863109046685,3872.0,1404,2281633,02112025_Cen-ZF_select_HCT116_NT-GFP_TLP1c_1_MMStack_Pos0_MIP
02112025_Cen-ZF_select_HCT116_session1,50,1,1401.3909150902277,897.0,518,2281633,02112025_Cen-ZF_select_HCT116_NT-GFP_TLP1c_1_MMStack_Pos0_MIP
02112025_Cen-ZF_select_HCT116_session1,51,0,4484.888853118241,4389.0,1478,2733497,02112025_Cen-ZF_select_HCT116_NT-GFP_Cen2-ZF2a_1_MMStack_Pos0_MIP
02112025_Cen-ZF_select_HCT116_session1,51,1,1746.5516582621904,964.0,483,2733497,02112025_Cen-ZF_select_HCT116_NT-GFP_Cen2-ZF2a_1_MMStack_Pos0_MIP
02112025_Cen-ZF_select_HCT116_session1,52,0,5079.2036014998885,4975.0,1593,1955596,02112025_Cen-ZF_select_HCT116_NT-GFP_Cen7-ZF2h_1_MMStack_Pos8_MIP
02112025_Cen-ZF_select_HCT116_session1,52,1,2014.780572183419,1231.0,431,1955596,02112025_Cen-ZF_select_HCT116_NT-GFP_Cen7-ZF2h_1_MMStack_Pos8_MIP
02112025_Cen-ZF_select_HCT116_session1,53,0,4150.174553305651,3984.0,1094,2653940,02112025_Cen-ZF_select_HCT116_NT-GFP_Cen5-ZF2b_1_MMStack_Pos7_MIP
02112025_Cen-ZF_select_HCT116_session1,53,1,1850.1085619870832,1114.0,454,2653940,02112025_Cen-ZF_select_HCT116_NT-GFP_Cen5-ZF2b_1_MMStack_Pos7_MIP
02112025_Cen-ZF_select_HCT116_session1,54,0,3866.7317128661566,3619.0,1452,2581016,02112025_Cen-ZF_select_HCT116_NT-GFP_Cen4-ZF4c_1_MMStack_Pos3_MIP
02112025_Cen-ZF_select_HCT116_session1,54,1,1134.2114086429137,805.0,373,2581016,02112025_Cen-ZF_select_HCT116_NT-GFP_Cen4-ZF4c_1_MMStack_Pos3_MIP
02112025_Cen-ZF_select_HCT116_session1,55,0,4219.965240964422,3956.0,1573,2444639,02112025_Cen-ZF_select_HCT116_utx_1_MMStack_Pos9_MIP
02112025_Cen-ZF_select_HCT116_session1,55,1,618.614607894038,630.0,324,2444639,02112025_Cen-ZF_select_HCT116_utx_1_MMStack_Pos9_MIP
02112025_Cen-ZF_select_HCT116_session1,56,0,5825.380473385259,5777.0,2178,2423949,02112025_Cen-ZF_select_HCT116_NT-GFP_Cen7-ZF1g_1_MMStack_Pos9_MIP
02112025_Cen-ZF_select_HCT116_session1,56,1,1927.7609256826574,1250.0,483,2423949,02112025_Cen-ZF_select_HCT116_NT-GFP_Cen7-ZF1g_1_MMStack_Pos9_MIP
02112025_Cen-ZF_select_HCT116_session1,57,0,4590.922866602713,4389.0,1428,2337099,02112025_Cen-ZF_select_HCT116_NT-GFP_Cen12-ZF2b_1_MMStack_Pos4_MIP
02112025_Cen-ZF_select_HCT116_session1,57,1,1903.3784999661973,1072.0,467,2337099,02112025_Cen-ZF_select_HCT116_NT-GFP_Cen12-ZF2b_1_MMStack_Pos4_MIP
02112025_Cen-ZF_select_HCT116_session1,58,0,3814.8045068668034,3726.0,1597,2324949,02112025_Cen-ZF_select_HCT116_NT-GFP_Cen9-ZF1a_1_MMStack_Pos9_MIP
02112025_Cen-ZF_select_HCT116_session1,58,1,923.3029622231169,707.0,323,2324949,02112025_Cen-ZF_select_HCT116_NT-GFP_Cen9-ZF1a_1_MMStack_Pos9_MIP
02112025_Cen-ZF_select_HCT116_session1,59,0,3817.421430321968,3532.0,987,2745634,02112025_Cen-ZF_select_HCT116_NT-GFP_Cen6-ZF1c_1_MMStack_Pos2_MIP
02112025_Cen-ZF_select_HCT116_session1,59,1,1439.6632155512084,971.0,343,2745634,02112025_Cen-ZF_select_HCT116_NT-GFP_Cen6-ZF1c_1_MMStack_Pos2_MIP
02112025_Cen-ZF_select_HCT116_session1,60,0,4011.3595267607757,3784.0,1207,2335617,02112025_Cen-ZF_select_HCT116_NT-GFP_Cen10-ZF2c_1_MMStack_Pos9_MIP
02112025_Cen-ZF_select_HCT116_session1,60,1,1706.295336203709,991.0,394,2335617,02112025_Cen-ZF_select_HCT116_NT-GFP_Cen10-ZF2c_1_MMStack_Pos9_MIP
02112025_Cen-ZF_select_HCT116_session1,61,0,4069.6193039211003,3882.0,1429,2491380,02112025_Cen-ZF_select_HCT116_NT-GFP_Cen10-ZF1c_1_MMStack_Pos2_MIP
02112025_Cen-ZF_select_HCT116_session1,61,1,1220.1530075071742,851.0,407,2491380,02112025_Cen-ZF_select_HCT116_NT-GFP_Cen10-ZF1c_1_MMStack_Pos2_MIP
02112025_Cen-ZF_select_HCT116_session1,62,0,3681.1986607438107,3483.0,1303,2721733,02112025_Cen-ZF_select_HCT116_NT-GFP_Cen15-ZF2c_1_MMStack_Pos0_MIP
02112025_Cen-ZF_select_HCT116_session1,62,1,967.1929245387006,707.0,343,2721733,02112025_Cen-ZF_select_HCT116_NT-GFP_Cen15-ZF2c_1_MMStack_Pos0_MIP
02112025_Cen-ZF_select_HCT116_session1,63,0,3956.06254490181,3837.0,1398,2444068,02112025_Cen-ZF_select_HCT116_NT-GFP_Cen2-ZF1a_1_MMStack_Pos2_MIP
02112025_Cen-ZF_select_HCT116_session1,63,1,2203.488898934543,1148.0,446,2444068,02112025_Cen-ZF_select_HCT116_NT-GFP_Cen2-ZF1a_1_MMStack_Pos2_MIP
02112025_Cen-ZF_select_HCT116_session1,64,0,3670.011670877781,3417.0,933,2557913,02112025_Cen-ZF_select_HCT116_NT-GFP_Cen14-ZF1a_1_MMStack_Pos2_MIP
02112025_Cen-ZF_select_HCT116_session1,64,1,1638.4882704449078,946.0,354,2557913,02112025_Cen-ZF_select_HCT116_NT-GFP_Cen14-ZF1a_1_MMStack_Pos2_MIP
02112025_Cen-ZF_select_HCT116_session1,65,0,4382.39794015407,4006.0,1540,2462414,02112025_Cen-ZF_select_HCT116_NT-GFP_Cen7-ZF2h_1_MMStack_Pos1_MIP
02112025_Cen-ZF_select_HCT116_session1,65,1,1467.9848832445052,895.0,374,2462414,02112025_Cen-ZF_select_HCT116_NT-GFP_Cen7-ZF2h_1_MMStack_Pos1_MIP
02112025_Cen-ZF_select_HCT116_session1,66,0,4621.404759480319,4383.0,1623,2306145,02112025_Cen-ZF_select_HCT116_NT-GFP_Cen7-ZF1e_1_MMStack_Pos3_MIP
02112025_Cen-ZF_select_HCT116_session1,66,1,1329.9649133342384,879.0,395,2306145,02112025_Cen-ZF_select_HCT116_NT-GFP_Cen7-ZF1e_1_MMStack_Pos3_MIP
02112025_Cen-ZF_select_HCT116_session1,67,0,4634.638188385796,4294.0,1328,2507033,02112025_Cen-ZF_select_HCT116_NT-GFP_Cen10-ZF1c_1_MMStack_Pos11_MIP
02112025_Cen-ZF_select_HCT116_session1,67,1,1557.32514730766,836.0,507,2507033,02112025_Cen-ZF_select_HCT116_NT-GFP_Cen10-ZF1c_1_MMStack_Pos11_MIP
02112025_Cen-ZF_select_HCT116_session1,68,0,3937.107214739753,3800.0,1340,2355788,02112025_Cen-ZF_select_HCT116_NT-GFP_Cen2-ZF2a_1_MMStack_Pos9_MIP
02112025_Cen-ZF_select_HCT116_session1,68,1,1977.4363611619556,1223.0,478,2355788,02112025_Cen-ZF_select_HCT116_NT-GFP_Cen2-ZF2a_1_MMStack_Pos9_MIP
02112025_Cen-ZF_select_HCT116_session1,69,0,5770.370507771557,5742.0,1809,1963409,02112025_Cen-ZF_select_HCT116_NT-GFP_Cen4-ZF3c_1_MMStack_Pos0_MIP
02112025_Cen-ZF_select_HCT116_session1,69,1,1392.0447780680888,953.0,520,1963409,02112025_Cen-ZF_select_HCT116_NT-GFP_Cen4-ZF3c_1_MMStack_Pos0_MIP
02112025_Cen-ZF_select_HCT116_session1,70,0,4507.035421172812,4343.0,1335,2392440,02112025_Cen-ZF_select_HCT116_NT-GFP_Cen9-ZF1a_1_MMStack_Pos10_MIP
02112025_Cen-ZF_select_HCT116_session1,70,1,1135.5507628046314,795.0,353,2392440,02112025_Cen-ZF_select_HCT116_NT-GFP_Cen9-ZF1a_1_MMStack_Pos10_MIP
02112025_Cen-ZF_select_HCT116_session1,71,0,4903.819015834989,4710.0,1549,2328841,02112025_Cen-ZF_select_HCT116_NT-GFP_Cen7-ZF1f_1_MMStack_Pos2_MIP
02112025_Cen-ZF_select_HCT116_session1,71,1,1039.6831634666648,815.0,383,2328841,02112025_Cen-ZF_select_HCT116_NT-GFP_Cen7-ZF1f_1_MMStack_Pos2_MIP
02112025_Cen-ZF_select_HCT116_session1,72,0,4339.634923760723,4235.0,1336,2237293,02112025_Cen-ZF_select_HCT116_NT-GFP_Cen4-ZF4c_1_MMStack_Pos8_MIP
02112025_Cen-ZF_select_HCT116_session1,72,1,1179.0449464653432,894.0,436,2237293,02112025_Cen-ZF_select_HCT116_NT-GFP_Cen4-ZF4c_1_MMStack_Pos8_MIP
02112025_Cen-ZF_select_HCT116_session1,73,0,4450.039638828203,4171.0,1342,2417522,02112025_Cen-ZF_select_HCT116_utx_1_MMStack_Pos2_MIP
02112025_Cen-ZF_select_HCT116_session1,73,1,636.5996786309446,644.0,338,2417522,02112025_Cen-ZF_select_HCT116_utx_1_MMStack_Pos2_MIP
02112025_Cen-ZF_select_HCT116_session1,74,0,4934.574781062691,4742.0,1610,2197824,02112025_Cen-ZF_select_HCT116_NT-GFP_Cen7-ZF1g_1_MMStack_Pos2_MIP
02112025_Cen-ZF_select_HCT116_session1,74,1,2500.705786956413,1561.0,555,2197824,02112025_Cen-ZF_select_HCT116_NT-GFP_Cen7-ZF1g_1_MMStack_Pos2_MIP
02112025_Cen-ZF_select_HCT116_session1,75,0,4158.053062248067,3833.0,1384,2540111,02112025_Cen-ZF_select_HCT116_NT-GFP_Cen6-ZF1c_1_MMStack_Pos9_MIP
02112025_Cen-ZF_select_HCT116_session1,75,1,1323.6272662887566,833.0,437,2540111,02112025_Cen-ZF_select_HCT116_NT-GFP_Cen6-ZF1c_1_MMStack_Pos9_MIP
02112025_Cen-ZF_select_HCT116_session1,76,0,3896.933577525311,3636.0,1077,2570120,02112025_Cen-ZF_select_HCT116_NT-GFP_Cen10-ZF2c_1_MMStack_Pos2_MIP
02112025_Cen-ZF_select_HCT116_session1,76,1,2358.467017157638,1241.0,460,2570120,02112025_Cen-ZF_select_HCT116_NT-GFP_Cen10-ZF2c_1_MMStack_Pos2_MIP
02112025_Cen-ZF_select_HCT116_session1,77,0,3983.135508284388,3713.0,1068,2321773,02112025_Cen-ZF_select_HCT116_NT-GFP_Cen9-ZF1a_1_MMStack_Pos2_MIP
02112025_Cen-ZF_select_HCT116_session1,77,1,762.6172553708446,658.0,350,2321773,02112025_Cen-ZF_select_HCT116_NT-GFP_Cen9-ZF1a_1_MMStack_Pos2_MIP
02112025_Cen-ZF_select_HCT116_session1,78,0,4169.474867458675,3845.0,1328,2320645,02112025_Cen-ZF_select_HCT116_NT-GFP_Cen8-ZF3a_1_MMStack_Pos5_MIP
02112025_Cen-ZF_select_HCT116_session1,78,1,1221.1653733931398,841.0,476,2320645,02112025_Cen-ZF_select_HCT116_NT-GFP_Cen8-ZF3a_1_MMStack_Pos5_MIP
02112025_Cen-ZF_select_HCT116_session1,79,0,4571.969340563422,4218.0,1621,2558668,02112025_Cen-ZF_select_HCT116_NT-GFP_Cen10-ZF1c_1_MMStack_Pos9_MIP
02112025_Cen-ZF_select_HCT116_session1,79,1,1621.565325377421,1086.0,434,2558668,02112025_Cen-ZF_select_HCT116_NT-GFP_Cen10-ZF1c_1_MMStack_Pos9_MIP
02112025_Cen-ZF_select_HCT116_session1,80,0,3345.4802576318707,3166.0,1403,2346089,02112025_Cen-ZF_select_HCT116_NT-GFP_Cen12-ZF1b_1_MMStack_Pos4_MIP
02112025_Cen-ZF_select_HCT116_session1,80,1,1141.9592071501115,781.0,372,2346089,02112025_Cen-ZF_select_HCT116_NT-GFP_Cen12-ZF1b_1_MMStack_Pos4_MIP
02112025_Cen-ZF_select_HCT116_session1,81,0,3378.708891351712,3193.0,701,2671731,02112025_Cen-ZF_select_HCT116_NT-GFP_Cen2-ZF1a_1_MMStack_Pos9_MIP
02112025_Cen-ZF_select_HCT116_session1,81,1,1110.1109819813446,842.0,392,2671731,02112025_Cen-ZF_select_HCT116_NT-GFP_Cen2-ZF1a_1_MMStack_Pos9_MIP
02112025_Cen-ZF_select_HCT116_session1,82,0,3818.5550112430865,3478.0,1185,2766591,02112025_Cen-ZF_select_HCT116_NT-GFP_Cen14-ZF1a_1_MMStack_Pos9_MIP
02112025_Cen-ZF_select_HCT116_session1,82,1,2721.5224874385026,1039.0,428,2766591,02112025_Cen-ZF_select_HCT116_NT-GFP_Cen14-ZF1a_1_MMStack_Pos9_MIP
02112025_Cen-ZF_select_HCT116_session1,83,0,4215.105621316506,3968.0,1272,2169190,02112025_Cen-ZF_select_HCT116_NT-GFP_Cen7-ZF1e_1_MMStack_Pos8_MIP
02112025_Cen-ZF_select_HCT116_session1,83,1,3649.448164614851,1583.0,526,2169190,02112025_Cen-ZF_select_HCT116_NT-GFP_Cen7-ZF1e_1_MMStack_Pos8_MIP
02112025_Cen-ZF_select_HCT116_session1,84,0,4101.568122636596,3901.0,1462,2473128,02112025_Cen-ZF_select_HCT116_NT-GFP_Cen2-ZF2a_1_MMStack_Pos2_MIP
02112025_Cen-ZF_select_HCT116_session1,84,1,2141.5754732468354,1180.0,408,2473128,02112025_Cen-ZF_select_HCT116_NT-GFP_Cen2-ZF2a_1_MMStack_Pos2_MIP
02112025_Cen-ZF_select_HCT116_session1,85,0,4068.025402436667,3871.0,1527,2359945,02112025_Cen-ZF_select_HCT116_NT-GFP_TLP1c_1_MMStack_Pos2_MIP
02112025_Cen-ZF_select_HCT116_session1,85,1,3035.9604287570082,1479.0,479,2359945,02112025_Cen-ZF_select_HCT116_NT-GFP_TLP1c_1_MMStack_Pos2_MIP
02112025_Cen-ZF_select_HCT116_session1,86,0,4976.921481892038,4882.0,2052,2287060,02112025_Cen-ZF_select_HCT116_NT-GFP_Cen1-ZF1c_1_MMStack_Pos6_MIP
02112025_Cen-ZF_select_HCT116_session1,86,1,1236.5932134381071,894.0,389,2287060,02112025_Cen-ZF_select_HCT116_NT-GFP_Cen1-ZF1c_1_MMStack_Pos6_MIP
02112025_Cen-ZF_select_HCT116_session1,87,0,3715.5482908617473,3397.0,1130,2551618,02112025_Cen-ZF_select_HCT116_NT-GFP_Cen11-ZF1b_1_MMStack_Pos1_MIP
02112025_Cen-ZF_select_HCT116_session1,87,1,1517.9427931817104,951.0,456,2551618,02112025_Cen-ZF_select_HCT116_NT-GFP_Cen11-ZF1b_1_MMStack_Pos1_MIP
02112025_Cen-ZF_select_HCT116_session1,88,0,4182.967685351756,3835.0,1368,2652080,02112025_Cen-ZF_select_HCT116_NT-GFP_Cen7-ZF1f_1_MMStack_Pos9_MIP
02112025_Cen-ZF_select_HCT116_session1,88,1,1025.6657558089332,779.0,393,2652080,02112025_Cen-ZF_select_HCT116_NT-GFP_Cen7-ZF1f_1_MMStack_Pos9_MIP
02112025_Cen-ZF_select_HCT116_session1,89,0,4436.153699234609,4133.0,1347,2554765,02112025_Cen-ZF_select_HCT116_NT-GFP_Cen8-ZF4b_1_MMStack_Pos7_MIP
02112025_Cen-ZF_select_HCT116_session1,89,1,2743.6840467420298,1405.0,544,2554765,02112025_Cen-ZF_select_HCT116_NT-GFP_Cen8-ZF4b_1_MMStack_Pos7_MIP
02112025_Cen-ZF_select_HCT116_session1,90,0,3564.238254115073,3310.0,1305,2831481,02112025_Cen-ZF_select_HCT116_NT-GFP_Cen6-ZF1c_1_MMStack_Pos0_MIP
02112025_Cen-ZF_select_HCT116_session1,90,1,782.2102977205216,657.0,328,2831481,02112025_Cen-ZF_select_HCT116_NT-GFP_Cen6-ZF1c_1_MMStack_Pos0_MIP
02112025_Cen-ZF_select_HCT116_session1,91,0,4069.7620583918088,3899.0,1739,2441607,02112025_Cen-ZF_select_HCT116_NT-GFP_Cen12-ZF2b_1_MMStack_Pos6_MIP
02112025_Cen-ZF_select_HCT116_session1,91,1,1286.3064119380708,875.0,457,2441607,02112025_Cen-ZF_select_HCT116_NT-GFP_Cen12-ZF2b_1_MMStack_Pos6_MIP
02112025_Cen-ZF_select_HCT116_session1,92,0,3681.5114498930598,3303.0,1198,2453088,02112025_Cen-ZF_select_HCT116_NT-GFP_Cen15-ZF2c_1_MMStack_Pos2_MIP
02112025_Cen-ZF_select_HCT116_session1,92,1,1795.84996783234,1089.0,391,2453088,02112025_Cen-ZF_select_HCT116_NT-GFP_Cen15-ZF2c_1_MMStack_Pos2_MIP
02112025_Cen-ZF_select_HCT116_session1,93,0,4403.588767443153,4180.0,1704,2250203,02112025_Cen-ZF_select_HCT116_NT-GFP_Cen10-ZF1c_1_MMStack_Pos0_MIP
02112025_Cen-ZF_select_HCT116_session1,93,1,2084.1219458497803,1171.0,463,2250203,02112025_Cen-ZF_select_HCT116_NT-GFP_Cen10-ZF1c_1_MMStack_Pos0_MIP
02112025_Cen-ZF_select_HCT116_session1,94,0,4485.092486440424,4142.0,1827,2329106,02112025_Cen-ZF_select_HCT116_NT-GFP_Cen4-ZF4c_1_MMStack_Pos1_MIP
02112025_Cen-ZF_select_HCT116_session1,94,1,2055.279847816638,1231.0,478,2329106,02112025_Cen-ZF_select_HCT116_NT-GFP_Cen4-ZF4c_1_MMStack_Pos1_MIP
02112025_Cen-ZF_select_HCT116_session1,95,0,3806.8466074300404,3539.0,1165,2795064,02112025_Cen-ZF_select_HCT116_NT-GFP_Cen5-ZF2b_1_MMStack_Pos5_MIP
02112025_Cen-ZF_select_HCT116_session1,95,1,1291.6534764696307,909.0,451,2795064,02112025_Cen-ZF_select_HCT116_NT-GFP_Cen5-ZF2b_1_MMStack_Pos5_MIP
02112025_Cen-ZF_select_HCT116_session1,96,0,4575.442105670916,4294.0,1609,2169167,02112025_Cen-ZF_select_HCT116_NT-GFP_Cen7-ZF2h_1_MMStack_Pos11_MIP
02112025_Cen-ZF_select_HCT116_session1,96,1,2100.641747076738,1265.0,470,2169167,02112025_Cen-ZF_select_HCT116_NT-GFP_Cen7-ZF2h_1_MMStack_Pos11_MIP
02112025_Cen-ZF_select_HCT116_session1,97,0,4211.287913706524,3797.0,1309,2446813,02112025_Cen-ZF_select_HCT116_NT-GFP_Cen11-ZF1b_1_MMStack_Pos8_MIP
02112025_Cen-ZF_select_HCT116_session1,97,1,2568.1219504718997,1504.0,514,2446813,02112025_Cen-ZF_select_HCT116_NT-GFP_Cen11-ZF1b_1_MMStack_Pos8_MIP
02112025_Cen-ZF_select_HCT116_session1,98,0,4982.767764637804,4533.0,1528,2457792,02112025_Cen-ZF_select_HCT116_NT-GFP_Cen7-ZF1f_1_MMStack_Pos0_MIP
02112025_Cen-ZF_select_HCT116_session1,98,1,870.2684834876443,722.0,364,2457792,02112025_Cen-ZF_select_HCT116_NT-GFP_Cen7-ZF1f_1_MMStack_Pos0_MIP
02112025_Cen-ZF_select_HCT116_session1,99,0,4260.900865913968,4058.0,1589,2568300,02112025_Cen-ZF_select_HCT116_NT-GFP_Cen11-ZF1b_1_MMStack_Pos10_MIP
02112025_Cen-ZF_select_HCT116_session1,99,1,1487.6992495723773,951.0,423,2568300,02112025_Cen-ZF_select_HCT116_NT-GFP_Cen11-ZF1b_1_MMStack_Pos10_MIP
02112025_Cen-ZF_select_HCT116_session1,100,0,5063.771805516888,5065.0,1362,2023406,02112025_Cen-ZF_select_HCT116_NT-GFP_Cen4-ZF3c_1_MMStack_Pos2_MIP
02112025_Cen-ZF_select_HCT116_session1,100,1,1948.7543068502705,1160.0,500,2023406,02112025_Cen-ZF_select_HCT116_NT-GFP_Cen4-ZF3c_1_MMStack_Pos2_MIP
02112025_Cen-ZF_select_HCT116_session1,101,0,4227.939601253161,4113.0,1677,2249633,02112025_Cen-ZF_select_HCT116_NT-GFP_Cen2-ZF1a_1_MMStack_Pos0_MIP
02112025_Cen-ZF_select_HCT116_session1,101,1,1418.3547981755792,923.0,390,2249633,02112025_Cen-ZF_select_HCT116_NT-GFP_Cen2-ZF1a_1_MMStack_Pos0_MIP
02112025_Cen-ZF_select_HCT116_session1,102,0,4509.985270957774,4365.0,1598,2402738,02112025_Cen-ZF_select_HCT116_NT-GFP_Cen7-ZF2h_1_MMStack_Pos3_MIP
02112025_Cen-ZF_select_HCT116_session1,102,1,991.5187877486333,751.0,395,2402738,02112025_Cen-ZF_select_HCT116_NT-GFP_Cen7-ZF2h_1_MMStack_Pos3_MIP
02112025_Cen-ZF_select_HCT116_session1,103,0,4323.139862347306,3907.0,1225,2455515,02112025_Cen-ZF_select_HCT116_NT-GFP_Cen14-ZF1a_1_MMStack_Pos0_MIP
02112025_Cen-ZF_select_HCT116_session1,103,1,1998.3925919914127,1102.0,419,2455515,02112025_Cen-ZF_select_HCT116_NT-GFP_Cen14-ZF1a_1_MMStack_Pos0_MIP
02112025_Cen-ZF_select_HCT116_session1,104,0,4076.203948130378,3739.0,1411,2650723,02112025_Cen-ZF_select_HCT116_NT-GFP_Cen7-ZF1e_1_MMStack_Pos1_MIP
02112025_Cen-ZF_select_HCT116_session1,104,1,1885.1619924073545,1132.0,439,2650723,02112025_Cen-ZF_select_HCT116_NT-GFP_Cen7-ZF1e_1_MMStack_Pos1_MIP
02112025_Cen-ZF_select_HCT116_session1,105,0,3638.65511805178,3533.0,1514,2290090,02112025_Cen-ZF_select_HCT116_NT-GFP_Cen12-ZF1b_1_MMStack_Pos11_MIP
02112025_Cen-ZF_select_HCT116_session1,105,1,886.4066671470401,733.0,380,2290090,02112025_Cen-ZF_select_HCT116_NT-GFP_Cen12-ZF1b_1_MMStack_Pos11_MIP
02112025_Cen-ZF_select_HCT116_session1,106,0,4128.401757789251,3779.0,1589,2324962,02112025_Cen-ZF_select_HCT116_NT-GFP_Cen10-ZF1c_1_MMStack_Pos1_MIP
02112025_Cen-ZF_select_HCT116_session1,106,1,1941.5564431561372,1065.0,396,2324962,02112025_Cen-ZF_select_HCT116_NT-GFP_Cen10-ZF1c_1_MMStack_Pos1_MIP
02112025_Cen-ZF_select_HCT116_session1,107,0,3938.989513034193,3658.0,1335,2476026,02112025_Cen-ZF_select_HCT116_NT-GFP_Cen15-ZF2c_1_MMStack_Pos3_MIP
02112025_Cen-ZF_select_HCT116_session1,107,1,2450.8750756252157,1327.0,413,2476026,02112025_Cen-ZF_select_HCT116_NT-GFP_Cen15-ZF2c_1_MMStack_Pos3_MIP
02112025_Cen-ZF_select_HCT116_session1,108,0,3626.0875161734716,3402.0,1109,2889830,02112025_Cen-ZF_select_HCT116_NT-GFP_Cen6-ZF1c_1_MMStack_Pos1_MIP
02112025_Cen-ZF_select_HCT116_session1,108,1,1492.664986021345,875.0,388,2889830,02112025_Cen-ZF_select_HCT116_NT-GFP_Cen6-ZF1c_1_MMStack_Pos1_MIP
02112025_Cen-ZF_select_HCT116_session1,109,0,3978.1927255977694,3687.0,1252,2553121,02112025_Cen-ZF_select_HCT116_NT-GFP_Cen12-ZF2b_1_MMStack_Pos7_MIP
02112025_Cen-ZF_select_HCT116_session1,109,1,1158.8169410175876,813.0,358,2553121,02112025_Cen-ZF_select_HCT116_NT-GFP_Cen12-ZF2b_1_MMStack_Pos7_MIP
02112025_Cen-ZF_select_HCT116_session1,110,0,4670.92999109561,4623.0,1468,2281580,02112025_Cen-ZF_select_HCT116_NT-GFP_Cen7-ZF2h_1_MMStack_Pos10_MIP
02112025_Cen-ZF_select_HCT116_session1,110,1,1233.2838681095354,800.0,374,2281580,02112025_Cen-ZF_select_HCT116_NT-GFP_Cen7-ZF2h_1_MMStack_Pos10_MIP
02112025_Cen-ZF_select_HCT116_session1,111,0,3436.0980090934995,3249.0,1575,2528805,02112025_Cen-ZF_select_HCT116_NT-GFP_Cen2-ZF1a_1_MMStack_Pos10_MIP
02112025_Cen-ZF_select_HCT116_session1,111,1,1033.394668029719,762.0,414,2528805,02112025_Cen-ZF_select_HCT116_NT-GFP_Cen2-ZF1a_1_MMStack_Pos10_MIP
02112025_Cen-ZF_select_HCT116_session1,112,0,5349.884895622523,5176.0,2073,1818437,02112025_Cen-ZF_select_HCT116_NT-GFP_Cen4-ZF4c_1_MMStack_Pos0_MIP
02112025_Cen-ZF_select_HCT116_session1,112,1,1827.577982395096,1125.0,484,1818437,02112025_Cen-ZF_select_HCT116_NT-GFP_Cen4-ZF4c_1_MMStack_Pos0_MIP
02112025_Cen-ZF_select_HCT116_session1,113,0,4102.675286981772,3910.0,1457,2445939,02112025_Cen-ZF_select_HCT116_NT-GFP_Cen5-ZF2b_1_MMStack_Pos4_MIP
02112025_Cen-ZF_select_HCT116_session1,113,1,2348.7070871508563,1424.0,584,2445939,02112025_Cen-ZF_select_HCT116_NT-GFP_Cen5-ZF2b_1_MMStack_Pos4_MIP
02112025_Cen-ZF_select_HCT116_session1,114,0,4279.777751943356,4073.0,1540,2396546,02112025_Cen-ZF_select_HCT116_NT-GFP_Cen11-ZF1b_1_MMStack_Pos11_MIP
02112025_Cen-ZF_select_HCT116_session1,114,1,2007.9867911895067,1149.0,386,2396546,02112025_Cen-ZF_select_HCT116_NT-GFP_Cen11-ZF1b_1_MMStack_Pos11_MIP
02112025_Cen-ZF_select_HCT116_session1,115,0,4639.821102791177,4329.0,1773,2513430,02112025_Cen-ZF_select_HCT116_NT-GFP_Cen7-ZF1f_1_MMStack_Pos1_MIP
02112025_Cen-ZF_select_HCT116_session1,115,1,1178.529360547056,841.0,389,2513430,02112025_Cen-ZF_select_HCT116_NT-GFP_Cen7-ZF1f_1_MMStack_Pos1_MIP
02112025_Cen-ZF_select_HCT116_session1,116,0,5181.906559777354,5140.0,1797,2314025,02112025_Cen-ZF_select_HCT116_NT-GFP_Cen4-ZF3c_1_MMStack_Pos3_MIP
02112025_Cen-ZF_select_HCT116_session1,116,1,2070.602380577614,1189.0,429,2314025,02112025_Cen-ZF_select_HCT116_NT-GFP_Cen4-ZF3c_1_MMStack_Pos3_MIP
02112025_Cen-ZF_select_HCT116_session1,117,0,4935.196398873521,4696.0,1774,2419149,02112025_Cen-ZF_select_HCT116_NT-GFP_Cen11-ZF1b_1_MMStack_Pos9_MIP
02112025_Cen-ZF_select_HCT116_session1,117,1,1258.8670005240303,884.0,410,2419149,02112025_Cen-ZF_select_HCT116_NT-GFP_Cen11-ZF1b_1_MMStack_Pos9_MIP
02112025_Cen-ZF_select_HCT116_session1,118,0,3416.210255655844,3219.0,1413,2528811,02112025_Cen-ZF_select_HCT116_NT-GFP_Cen12-ZF1b_1_MMStack_Pos10_MIP
02112025_Cen-ZF_select_HCT116_session1,118,1,852.5033681178402,689.0,389,2528811,02112025_Cen-ZF_select_HCT116_NT-GFP_Cen12-ZF1b_1_MMStack_Pos10_MIP
02112025_Cen-ZF_select_HCT116_session1,119,0,4103.742543442516,3953.0,1626,2401245,02112025_Cen-ZF_select_HCT116_NT-GFP_Cen7-ZF1e_1_MMStack_Pos0_MIP
02112025_Cen-ZF_select_HCT116_session1,119,1,1791.8657076048826,1224.0,436,2401245,02112025_Cen-ZF_select_HCT116_NT-GFP_Cen7-ZF1e_1_MMStack_Pos0_MIP
02112025_Cen-ZF_select_HCT116_session1,120,0,3927.5876350933713,3699.0,1578,2359195,02112025_Cen-ZF_select_HCT116_NT-GFP_Cen14-ZF1a_1_MMStack_Pos1_MIP
02112025_Cen-ZF_select_HCT116_session1,120,1,3337.6486142021085,1473.0,576,2359195,02112025_Cen-ZF_select_HCT116_NT-GFP_Cen14-ZF1a_1_MMStack_Pos1_MIP
02112025_Cen-ZF_select_HCT116_session1,121,0,4275.050388812054,4131.0,1647,2341402,02112025_Cen-ZF_select_HCT116_NT-GFP_Cen7-ZF2h_1_MMStack_Pos2_MIP
02112025_Cen-ZF_select_HCT116_session1,121,1,776.8029158981973,658.0,346,2341402,02112025_Cen-ZF_select_HCT116_NT-GFP_Cen7-ZF2h_1_MMStack_Pos2_MIP
02112025_Cen-ZF_select_HCT116_session1,122,0,4314.3216578552765,4097.0,1797,2277937,02112025_Cen-ZF_select_HCT116_NT-GFP_Cen2-ZF1a_1_MMStack_Pos1_MIP
02112025_Cen-ZF_select_HCT116_session1,122,1,1280.6375249273947,827.0,394,2277937,02112025_Cen-ZF_select_HCT116_NT-GFP_Cen2-ZF1a_1_MMStack_Pos1_MIP
02112025_Cen-ZF_select_HCT116_session1,123,0,4641.839195179635,4439.0,1270,2524303,02112025_Cen-ZF_select_HCT116_NT-GFP_Cen7-ZF1g_1_MMStack_Pos3_MIP
02112025_Cen-ZF_select_HCT116_session1,123,1,1574.9933137634741,984.0,486,2524303,02112025_Cen-ZF_select_HCT116_NT-GFP_Cen7-ZF1g_1_MMStack_Pos3_MIP
02112025_Cen-ZF_select_HCT116_session1,124,0,4186.090211043744,4021.0,1096,2092389,02112025_Cen-ZF_select_HCT116_utx_1_MMStack_Pos3_MIP
02112025_Cen-ZF_select_HCT116_session1,124,1,629.1502793763996,638.0,320,2092389,02112025_Cen-ZF_select_HCT116_utx_1_MMStack_Pos3_MIP
02112025_Cen-ZF_select_HCT116_session1,125,0,4912.356215784922,4860.0,1486,2057002,02112025_Cen-ZF_select_HCT116_NT-GFP_Cen4-ZF4c_1_MMStack_Pos9_MIP
02112025_Cen-ZF_select_HCT116_session1,125,1,1685.7251454484085,1054.0,458,2057002,02112025_Cen-ZF_select_HCT116_NT-GFP_Cen4-ZF4c_1_MMStack_Pos9_MIP
02112025_Cen-ZF_select_HCT116_session1,126,0,3982.349879685541,3665.0,956,2595923,02112025_Cen-ZF_select_HCT116_NT-GFP_Cen14-ZF1a_1_MMStack_Pos10_MIP
02112025_Cen-ZF_select_HCT116_session1,126,1,2470.9220895497087,1287.0,430,2595923,02112025_Cen-ZF_select_HCT116_NT-GFP_Cen14-ZF1a_1_MMStack_Pos10_MIP
02112025_Cen-ZF_select_HCT116_session1,127,0,3990.8374368847617,3651.0,1183,2336822,02112025_Cen-ZF_select_HCT116_NT-GFP_Cen10-ZF1c_1_MMStack_Pos8_MIP
02112025_Cen-ZF_select_HCT116_session1,127,1,1681.3898644169776,1124.0,480,2336822,02112025_Cen-ZF_select_HCT116_NT-GFP_Cen10-ZF1c_1_MMStack_Pos8_MIP
02112025_Cen-ZF_select_HCT116_session1,128,0,3184.13759499545,2996.0,1267,2493340,02112025_Cen-ZF_select_HCT116_NT-GFP_Cen12-ZF1b_1_MMStack_Pos5_MIP
02112025_Cen-ZF_select_HCT116_session1,128,1,989.5398991938318,749.0,355,2493340,02112025_Cen-ZF_select_HCT116_NT-GFP_Cen12-ZF1b_1_MMStack_Pos5_MIP
02112025_Cen-ZF_select_HCT116_session1,129,0,3792.16185138989,3341.0,1177,2678784,02112025_Cen-ZF_select_HCT116_NT-GFP_Cen10-ZF2c_1_MMStack_Pos3_MIP
02112025_Cen-ZF_select_HCT116_session1,129,1,3129.4274908506072,1677.0,457,2678784,02112025_Cen-ZF_select_HCT116_NT-GFP_Cen10-ZF2c_1_MMStack_Pos3_MIP
02112025_Cen-ZF_select_HCT116_session1,130,0,3348.479669544368,2806.0,1044,3142208,02112025_Cen-ZF_select_HCT116_NT-GFP_Cen6-ZF1c_1_MMStack_Pos8_MIP
02112025_Cen-ZF_select_HCT116_session1,130,1,1287.0815923330322,734.0,331,3142208,02112025_Cen-ZF_select_HCT116_NT-GFP_Cen6-ZF1c_1_MMStack_Pos8_MIP
02112025_Cen-ZF_select_HCT116_session1,131,0,4274.749024856615,4101.0,1725,2114995,02112025_Cen-ZF_select_HCT116_NT-GFP_Cen8-ZF3a_1_MMStack_Pos4_MIP
02112025_Cen-ZF_select_HCT116_session1,131,1,1397.2870846129215,978.0,395,2114995,02112025_Cen-ZF_select_HCT116_NT-GFP_Cen8-ZF3a_1_MMStack_Pos4_MIP
02112025_Cen-ZF_select_HCT116_session1,132,0,3920.842397313633,3788.0,1375,2497946,02112025_Cen-ZF_select_HCT116_NT-GFP_Cen9-ZF1a_1_MMStack_Pos3_MIP
02112025_Cen-ZF_select_HCT116_session1,132,1,1073.188597751913,763.0,332,2497946,02112025_Cen-ZF_select_HCT116_NT-GFP_Cen9-ZF1a_1_MMStack_Pos3_MIP
02112025_Cen-ZF_select_HCT116_session1,133,0,3233.6181977274696,3031.0,1198,2722260,02112025_Cen-ZF_select_HCT116_NT-GFP_TLP1c_1_MMStack_Pos3_MIP
02112025_Cen-ZF_select_HCT116_session1,133,1,2001.5476660500203,881.0,394,2722260,02112025_Cen-ZF_select_HCT116_NT-GFP_TLP1c_1_MMStack_Pos3_MIP
02112025_Cen-ZF_select_HCT116_session1,134,0,4239.144315949525,4149.0,1249,2464361,02112025_Cen-ZF_select_HCT116_NT-GFP_Cen2-ZF2a_1_MMStack_Pos3_MIP
02112025_Cen-ZF_select_HCT116_session1,134,1,883.2453351664115,741.0,360,2464361,02112025_Cen-ZF_select_HCT116_NT-GFP_Cen2-ZF2a_1_MMStack_Pos3_MIP
02112025_Cen-ZF_select_HCT116_session1,135,0,3780.762785764789,3502.0,1243,2596743,02112025_Cen-ZF_select_HCT116_NT-GFP_Cen7-ZF1e_1_MMStack_Pos9_MIP
02112025_Cen-ZF_select_HCT116_session1,135,1,2889.3543398662,1484.0,494,2596743,02112025_Cen-ZF_select_HCT116_NT-GFP_Cen7-ZF1e_1_MMStack_Pos9_MIP
02112025_Cen-ZF_select_HCT116_session1,136,0,4147.29255685566,3886.0,1308,2462025,02112025_Cen-ZF_select_HCT116_NT-GFP_Cen14-ZF1a_1_MMStack_Pos8_MIP
02112025_Cen-ZF_select_HCT116_session1,136,1,2814.538763635123,1315.0,645,2462025,02112025_Cen-ZF_select_HCT116_NT-GFP_Cen14-ZF1a_1_MMStack_Pos8_MIP
02112025_Cen-ZF_select_HCT116_session1,137,0,4358.36125951843,4176.0,1699,2264889,02112025_Cen-ZF_select_HCT116_NT-GFP_Cen1-ZF1c_1_MMStack_Pos7_MIP
02112025_Cen-ZF_select_HCT116_session1,137,1,1044.5821012588901,789.0,448,2264889,02112025_Cen-ZF_select_HCT116_NT-GFP_Cen1-ZF1c_1_MMStack_Pos7_MIP
02112025_Cen-ZF_select_HCT116_session1,138,0,3599.961325039831,3359.0,843,2610460,02112025_Cen-ZF_select_HCT116_NT-GFP_Cen2-ZF1a_1_MMStack_Pos8_MIP
02112025_Cen-ZF_select_HCT116_session1,138,1,821.1562497964869,720.0,367,2610460,02112025_Cen-ZF_select_HCT116_NT-GFP_Cen2-ZF1a_1_MMStack_Pos8_MIP
02112025_Cen-ZF_select_HCT116_session1,139,0,4241.420178623784,3871.0,1321,2384124,02112025_Cen-ZF_select_HCT116_NT-GFP_Cen8-ZF4b_1_MMStack_Pos6_MIP
02112025_Cen-ZF_select_HCT116_session1,139,1,1811.355526595381,1062.0,499,2384124,02112025_Cen-ZF_select_HCT116_NT-GFP_Cen8-ZF4b_1_MMStack_Pos6_MIP
02112025_Cen-ZF_select_HCT116_session1,140,0,4710.616060941187,4595.0,1830,2360830,02112025_Cen-ZF_select_HCT116_NT-GFP_Cen7-ZF1f_1_MMStack_Pos8_MIP
02112025_Cen-ZF_select_HCT116_session1,140,1,991.3329468909474,781.0,355,2360830,02112025_Cen-ZF_select_HCT116_NT-GFP_Cen7-ZF1f_1_MMStack_Pos8_MIP
02112025_Cen-ZF_select_HCT116_session1,141,0,4821.75286577404,4224.0,1382,2461004,02112025_Cen-ZF_select_HCT116_NT-GFP_Cen11-ZF1b_1_MMStack_Pos0_MIP
02112025_Cen-ZF_select_HCT116_session1,141,1,1083.1315710013375,754.0,400,2461004,02112025_Cen-ZF_select_HCT116_NT-GFP_Cen11-ZF1b_1_MMStack_Pos0_MIP
02112025_Cen-ZF_select_HCT116_session1,142,0,4696.8246408283885,4541.0,1744,2044516,02112025_Cen-ZF_select_HCT116_NT-GFP_Cen1-ZF1c_1_MMStack_Pos2_MIP
02112025_Cen-ZF_select_HCT116_session1,142,1,1232.7516816888397,870.0,397,2044516,02112025_Cen-ZF_select_HCT116_NT-GFP_Cen1-ZF1c_1_MMStack_Pos2_MIP
02112025_Cen-ZF_select_HCT116_session1,143,0,3823.5715315479356,3612.0,1363,2266020,02112025_Cen-ZF_select_HCT116_NT-GFP_TLP1c_1_MMStack_Pos6_MIP
02112025_Cen-ZF_select_HCT116_session1,143,1,3130.6782890166055,1371.5,448,2266020,02112025_Cen-ZF_select_HCT116_NT-GFP_TLP1c_1_MMStack_Pos6_MIP
02112025_Cen-ZF_select_HCT116_session1,144,0,4172.786652378912,3991.0,1188,2333206,02112025_Cen-ZF_select_HCT116_NT-GFP_Cen2-ZF2a_1_MMStack_Pos6_MIP
02112025_Cen-ZF_select_HCT116_session1,144,1,1684.0710797256752,986.0,389,2333206,02112025_Cen-ZF_select_HCT116_NT-GFP_Cen2-ZF2a_1_MMStack_Pos6_MIP
02112025_Cen-ZF_select_HCT116_session1,145,0,3962.7243603327456,3552.0,1443,2619818,02112025_Cen-ZF_select_HCT116_NT-GFP_Cen8-ZF4b_1_MMStack_Pos3_MIP
02112025_Cen-ZF_select_HCT116_session1,145,1,1651.5688990350343,943.0,494,2619818,02112025_Cen-ZF_select_HCT116_NT-GFP_Cen8-ZF4b_1_MMStack_Pos3_MIP
02112025_Cen-ZF_select_HCT116_session1,146,0,3835.5350594739434,3632.0,1648,2267419,02112025_Cen-ZF_select_HCT116_NT-GFP_Cen11-ZF1b_1_MMStack_Pos5_MIP
02112025_Cen-ZF_select_HCT116_session1,146,1,1690.0633732884946,1067.0,431,2267419,02112025_Cen-ZF_select_HCT116_NT-GFP_Cen11-ZF1b_1_MMStack_Pos5_MIP
02112025_Cen-ZF_select_HCT116_session1,147,0,5207.021417614766,5044.0,1827,2576796,02112025_Cen-ZF_select_HCT116_NT-GFP_Cen7-ZF1g_1_MMStack_Pos6_MIP
02112025_Cen-ZF_select_HCT116_session1,147,1,2244.0610211831777,1350.0,589,2576796,02112025_Cen-ZF_select_HCT116_NT-GFP_Cen7-ZF1g_1_MMStack_Pos6_MIP
02112025_Cen-ZF_select_HCT116_session1,148,0,4254.468369674825,3889.0,1251,2710263,02112025_Cen-ZF_select_HCT116_NT-GFP_Cen10-ZF2c_1_MMStack_Pos11_MIP
02112025_Cen-ZF_select_HCT116_session1,148,1,2418.798437273431,1326.0,494,2710263,02112025_Cen-ZF_select_HCT116_NT-GFP_Cen10-ZF2c_1_MMStack_Pos11_MIP
02112025_Cen-ZF_select_HCT116_session1,149,0,3002.148325920731,2597.0,1049,3023005,02112025_Cen-ZF_select_HCT116_NT-GFP_Cen5-ZF2b_1_MMStack_Pos8_MIP
02112025_Cen-ZF_select_HCT116_session1,149,1,1285.9650794490913,834.0,417,3023005,02112025_Cen-ZF_select_HCT116_NT-GFP_Cen5-ZF2b_1_MMStack_Pos8_MIP
02112025_Cen-ZF_select_HCT116_session1,150,0,3549.948454265972,3246.0,1071,2680700,02112025_Cen-ZF_select_HCT116_utx_1_MMStack_Pos6_MIP
02112025_Cen-ZF_select_HCT116_session1,150,1,598.6186234274031,604.0,322,2680700,02112025_Cen-ZF_select_HCT116_utx_1_MMStack_Pos6_MIP
02112025_Cen-ZF_select_HCT116_session1,151,0,3550.97998596822,3312.0,1635,2244714,02112025_Cen-ZF_select_HCT116_NT-GFP_Cen12-ZF1b_1_MMStack_Pos0_MIP
02112025_Cen-ZF_select_HCT116_session1,151,1,893.9512069830422,764.0,370,2244714,02112025_Cen-ZF_select_HCT116_NT-GFP_Cen12-ZF1b_1_MMStack_Pos0_MIP
02112025_Cen-ZF_select_HCT116_session1,152,0,3500.252400439369,3332.0,1426,2647432,02112025_Cen-ZF_select_HCT116_NT-GFP_Cen9-ZF1a_1_MMStack_Pos6_MIP
02112025_Cen-ZF_select_HCT116_session1,152,1,1155.2702804075798,757.0,429,2647432,02112025_Cen-ZF_select_HCT116_NT-GFP_Cen9-ZF1a_1_MMStack_Pos6_MIP
02112025_Cen-ZF_select_HCT116_session1,153,0,4390.099782955888,4257.0,1380,2287256,02112025_Cen-ZF_select_HCT116_NT-GFP_Cen8-ZF3a_1_MMStack_Pos1_MIP
02112025_Cen-ZF_select_HCT116_session1,153,1,1359.3862750564713,875.0,371,2287256,02112025_Cen-ZF_select_HCT116_NT-GFP_Cen8-ZF3a_1_MMStack_Pos1_MIP
02112025_Cen-ZF_select_HCT116_session1,154,0,4290.299703753342,4030.0,1121,2450824,02112025_Cen-ZF_select_HCT116_NT-GFP_Cen10-ZF2c_1_MMStack_Pos6_MIP
02112025_Cen-ZF_select_HCT116_session1,154,1,3287.2977472765833,1675.0,596,2450824,02112025_Cen-ZF_select_HCT116_NT-GFP_Cen10-ZF2c_1_MMStack_Pos6_MIP
02112025_Cen-ZF_select_HCT116_session1,155,0,4931.6416758323185,4586.0,1440,2240255,02112025_Cen-ZF_select_HCT116_NT-GFP_Cen4-ZF4c_1_MMStack_Pos11_MIP
02112025_Cen-ZF_select_HCT116_session1,155,1,1652.7221695990802,1039.0,525,2240255,02112025_Cen-ZF_select_HCT116_NT-GFP_Cen4-ZF4c_1_MMStack_Pos11_MIP
02112025_Cen-ZF_select_HCT116_session1,156,0,3990.896912239487,3727.0,1269,2658253,02112025_Cen-ZF_select_HCT116_NT-GFP_Cen4-ZF3c_1_MMStack_Pos6_MIP
02112025_Cen-ZF_select_HCT116_session1,156,1,1331.7091532690893,900.0,481,2658253,02112025_Cen-ZF_select_HCT116_NT-GFP_Cen4-ZF3c_1_MMStack_Pos6_MIP
02112025_Cen-ZF_select_HCT116_session1,157,0,4615.5218215735595,4367.0,1572,2570418,02112025_Cen-ZF_select_HCT116_NT-GFP_Cen7-ZF1f_1_MMStack_Pos4_MIP
02112025_Cen-ZF_select_HCT116_session1,157,1,912.1248191439904,723.0,397,2570418,02112025_Cen-ZF_select_HCT116_NT-GFP_Cen7-ZF1f_1_MMStack_Pos4_MIP
02112025_Cen-ZF_select_HCT116_session1,158,0,4128.494036560581,3767.0,1256,2410059,02112025_Cen-ZF_select_HCT116_NT-GFP_Cen7-ZF1e_1_MMStack_Pos5_MIP
02112025_Cen-ZF_select_HCT116_session1,158,1,1672.3642000830223,1047.0,431,2410059,02112025_Cen-ZF_select_HCT116_NT-GFP_Cen7-ZF1e_1_MMStack_Pos5_MIP
02112025_Cen-ZF_select_HCT116_session1,159,0,5181.003986554642,5018.0,1705,2014756,02112025_Cen-ZF_select_HCT116_NT-GFP_Cen7-ZF2h_1_MMStack_Pos7_MIP
02112025_Cen-ZF_select_HCT116_session1,159,1,1347.584204589089,801.0,371,2014756,02112025_Cen-ZF_select_HCT116_NT-GFP_Cen7-ZF2h_1_MMStack_Pos7_MIP
02112025_Cen-ZF_select_HCT116_session1,160,0,4276.470504647419,4109.0,883,2248468,02112025_Cen-ZF_select_HCT116_NT-GFP_Cen2-ZF1a_1_MMStack_Pos4_MIP
02112025_Cen-ZF_select_HCT116_session1,160,1,1170.2179406359446,917.0,363,2248468,02112025_Cen-ZF_select_HCT116_NT-GFP_Cen2-ZF1a_1_MMStack_Pos4_MIP
02112025_Cen-ZF_select_HCT116_session1,161,0,3356.1199257660305,3156.0,1624,2385916,02112025_Cen-ZF_select_HCT116_NT-GFP_Cen12-ZF1b_1_MMStack_Pos9_MIP
02112025_Cen-ZF_select_HCT116_session1,161,1,1088.520572839357,770.0,394,2385916,02112025_Cen-ZF_select_HCT116_NT-GFP_Cen12-ZF1b_1_MMStack_Pos9_MIP
02112025_Cen-ZF_select_HCT116_session1,162,0,3882.186961546642,3629.0,1108,2665862,02112025_Cen-ZF_select_HCT116_NT-GFP_Cen15-ZF2c_1_MMStack_Pos6_MIP
02112025_Cen-ZF_select_HCT116_session1,162,1,1291.9992936594779,843.0,415,2665862,02112025_Cen-ZF_select_HCT116_NT-GFP_Cen15-ZF2c_1_MMStack_Pos6_MIP
02112025_Cen-ZF_select_HCT116_session1,163,0,4041.1074894196067,3623.0,1573,2522118,02112025_Cen-ZF_select_HCT116_NT-GFP_Cen10-ZF1c_1_MMStack_Pos4_MIP
02112025_Cen-ZF_select_HCT116_session1,163,1,1371.3988338372749,924.0,384,2522118,02112025_Cen-ZF_select_HCT116_NT-GFP_Cen10-ZF1c_1_MMStack_Pos4_MIP
02112025_Cen-ZF_select_HCT116_session1,164,0,4619.699015038946,4450.0,1611,2000630,02112025_Cen-ZF_select_HCT116_NT-GFP_Cen8-ZF3a_1_MMStack_Pos8_MIP
02112025_Cen-ZF_select_HCT116_session1,164,1,1048.2500884718295,769.0,423,2000630,02112025_Cen-ZF_select_HCT116_NT-GFP_Cen8-ZF3a_1_MMStack_Pos8_MIP
02112025_Cen-ZF_select_HCT116_session1,165,0,4672.748678883753,4539.0,1537,2373809,02112025_Cen-ZF_select_HCT116_NT-GFP_Cen12-ZF2b_1_MMStack_Pos2_MIP
02112025_Cen-ZF_select_HCT116_session1,165,1,1511.4413945965578,856.0,424,2373809,02112025_Cen-ZF_select_HCT116_NT-GFP_Cen12-ZF2b_1_MMStack_Pos2_MIP
02112025_Cen-ZF_select_HCT116_session1,166,0,3725.5294249907874,3153.0,1124,2882012,02112025_Cen-ZF_select_HCT116_NT-GFP_Cen6-ZF1c_1_MMStack_Pos4_MIP
02112025_Cen-ZF_select_HCT116_session1,166,1,1053.2624255466505,745.0,374,2882012,02112025_Cen-ZF_select_HCT116_NT-GFP_Cen6-ZF1c_1_MMStack_Pos4_MIP
02112025_Cen-ZF_select_HCT116_session1,167,0,4435.905822814358,4147.0,1590,2469302,02112025_Cen-ZF_select_HCT116_NT-GFP_Cen5-ZF2b_1_MMStack_Pos1_MIP
02112025_Cen-ZF_select_HCT116_session1,167,1,2697.1064644083895,1574.0,497,2469302,02112025_Cen-ZF_select_HCT116_NT-GFP_Cen5-ZF2b_1_MMStack_Pos1_MIP
02112025_Cen-ZF_select_HCT116_session1,168,0,4748.802979514816,4580.0,1697,2211890,02112025_Cen-ZF_select_HCT116_NT-GFP_Cen1-ZF1c_1_MMStack_Pos10_MIP
02112025_Cen-ZF_select_HCT116_session1,168,1,1096.9192600076785,799.0,433,2211890,02112025_Cen-ZF_select_HCT116_NT-GFP_Cen1-ZF1c_1_MMStack_Pos10_MIP
02112025_Cen-ZF_select_HCT116_session1,169,0,3862.7119517876176,3624.0,903,2486831,02112025_Cen-ZF_select_HCT116_NT-GFP_Cen4-ZF4c_1_MMStack_Pos5_MIP
02112025_Cen-ZF_select_HCT116_session1,169,1,1276.6719337087854,885.0,384,2486831,02112025_Cen-ZF_select_HCT116_NT-GFP_Cen4-ZF4c_1_MMStack_Pos5_MIP
02112025_Cen-ZF_select_HCT116_session1,170,0,4637.7102272366565,4349.0,1453,2374324,02112025_Cen-ZF_select_HCT116_NT-GFP_Cen4-ZF3c_1_MMStack_Pos7_MIP
02112025_Cen-ZF_select_HCT116_session1,170,1,2176.4790756985735,1166.0,516,2374324,02112025_Cen-ZF_select_HCT116_NT-GFP_Cen4-ZF3c_1_MMStack_Pos7_MIP
02112025_Cen-ZF_select_HCT116_session1,171,0,4536.177397859213,4412.0,1366,2256851,02112025_Cen-ZF_select_HCT116_NT-GFP_Cen4-ZF4c_1_MMStack_Pos10_MIP
02112025_Cen-ZF_select_HCT116_session1,171,1,1766.2299921153158,1118.0,411,2256851,02112025_Cen-ZF_select_HCT116_NT-GFP_Cen4-ZF4c_1_MMStack_Pos10_MIP
02112025_Cen-ZF_select_HCT116_session1,172,0,4968.496900068788,4688.0,1509,2459735,02112025_Cen-ZF_select_HCT116_NT-GFP_Cen7-ZF1f_1_MMStack_Pos5_MIP
02112025_Cen-ZF_select_HCT116_session1,172,1,1222.1433603335647,895.0,423,2459735,02112025_Cen-ZF_select_HCT116_NT-GFP_Cen7-ZF1f_1_MMStack_Pos5_MIP
02112025_Cen-ZF_select_HCT116_session1,173,0,3838.0213401114456,3719.0,1461,2433522,02112025_Cen-ZF_select_HCT116_NT-GFP_Cen2-ZF1a_1_MMStack_Pos5_MIP
02112025_Cen-ZF_select_HCT116_session1,173,1,1157.5717658276847,851.0,382,2433522,02112025_Cen-ZF_select_HCT116_NT-GFP_Cen2-ZF1a_1_MMStack_Pos5_MIP
02112025_Cen-ZF_select_HCT116_session1,174,0,4437.8344392112485,4285.0,1708,1948831,02112025_Cen-ZF_select_HCT116_NT-GFP_Cen7-ZF2h_1_MMStack_Pos6_MIP
02112025_Cen-ZF_select_HCT116_session1,174,1,1478.1901408712606,911.0,392,1948831,02112025_Cen-ZF_select_HCT116_NT-GFP_Cen7-ZF2h_1_MMStack_Pos6_MIP
02112025_Cen-ZF_select_HCT116_session1,175,0,4278.786777262363,4062.0,1538,2543826,02112025_Cen-ZF_select_HCT116_NT-GFP_Cen14-ZF1a_1_MMStack_Pos5_MIP
02112025_Cen-ZF_select_HCT116_session1,175,1,1519.8390577089394,877.0,481,2543826,02112025_Cen-ZF_select_HCT116_NT-GFP_Cen14-ZF1a_1_MMStack_Pos5_MIP
02112025_Cen-ZF_select_HCT116_session1,176,0,4170.446749899887,3739.0,1538,2478591,02112025_Cen-ZF_select_HCT116_NT-GFP_Cen7-ZF1e_1_MMStack_Pos4_MIP
02112025_Cen-ZF_select_HCT116_session1,176,1,1236.2745364150724,791.0,405,2478591,02112025_Cen-ZF_select_HCT116_NT-GFP_Cen7-ZF1e_1_MMStack_Pos4_MIP
02112025_Cen-ZF_select_HCT116_session1,177,0,4046.0118390720672,3824.0,1636,2303162,02112025_Cen-ZF_select_HCT116_NT-GFP_Cen12-ZF2b_1_MMStack_Pos3_MIP
02112025_Cen-ZF_select_HCT116_session1,177,1,1927.4259110522344,1133.0,442,2303162,02112025_Cen-ZF_select_HCT116_NT-GFP_Cen12-ZF2b_1_MMStack_Pos3_MIP
02112025_Cen-ZF_select_HCT116_session1,178,0,3943.069117519215,3659.0,1365,2544226,02112025_Cen-ZF_select_HCT116_NT-GFP_Cen6-ZF1c_1_MMStack_Pos5_MIP
02112025_Cen-ZF_select_HCT116_session1,178,1,1354.6422420592228,882.0,369,2544226,02112025_Cen-ZF_select_HCT116_NT-GFP_Cen6-ZF1c_1_MMStack_Pos5_MIP
02112025_Cen-ZF_select_HCT116_session1,179,0,3231.219676139342,2988.0,1497,2459400,02112025_Cen-ZF_select_HCT116_NT-GFP_Cen12-ZF1b_1_MMStack_Pos8_MIP
02112025_Cen-ZF_select_HCT116_session1,179,1,1282.6225376662787,907.0,378,2459400,02112025_Cen-ZF_select_HCT116_NT-GFP_Cen12-ZF1b_1_MMStack_Pos8_MIP
02112025_Cen-ZF_select_HCT116_session1,180,0,4196.450942854133,3885.0,1602,2440041,02112025_Cen-ZF_select_HCT116_NT-GFP_Cen10-ZF1c_1_MMStack_Pos5_MIP
02112025_Cen-ZF_select_HCT116_session1,180,1,2383.524842420464,1184.0,498,2440041,02112025_Cen-ZF_select_HCT116_NT-GFP_Cen10-ZF1c_1_MMStack_Pos5_MIP
02112025_Cen-ZF_select_HCT116_session1,181,0,3900.7277018993923,3531.0,1330,2565376,02112025_Cen-ZF_select_HCT116_NT-GFP_Cen15-ZF2c_1_MMStack_Pos7_MIP
02112025_Cen-ZF_select_HCT116_session1,181,1,1576.2392467782936,1013.0,453,2565376,02112025_Cen-ZF_select_HCT116_NT-GFP_Cen15-ZF2c_1_MMStack_Pos7_MIP
02112025_Cen-ZF_select_HCT116_session1,182,0,4451.314522668063,4342.0,1710,2249929,02112025_Cen-ZF_select_HCT116_NT-GFP_Cen1-ZF1c_1_MMStack_Pos11_MIP
02112025_Cen-ZF_select_HCT116_session1,182,1,1180.1639219012193,864.0,455,2249929,02112025_Cen-ZF_select_HCT116_NT-GFP_Cen1-ZF1c_1_MMStack_Pos11_MIP
02112025_Cen-ZF_select_HCT116_session1,183,0,4424.896434619071,3990.0,940,2882469,02112025_Cen-ZF_select_HCT116_NT-GFP_Cen5-ZF2b_1_MMStack_Pos0_MIP
02112025_Cen-ZF_select_HCT116_session1,183,1,1969.780988798145,1197.0,440,2882469,02112025_Cen-ZF_select_HCT116_NT-GFP_Cen5-ZF2b_1_MMStack_Pos0_MIP
02112025_Cen-ZF_select_HCT116_session1,184,0,3974.3649050467193,3691.0,1406,2576796,02112025_Cen-ZF_select_HCT116_NT-GFP_Cen4-ZF4c_1_MMStack_Pos4_MIP
02112025_Cen-ZF_select_HCT116_session1,184,1,1543.3549742279656,1029.0,376,2576796,02112025_Cen-ZF_select_HCT116_NT-GFP_Cen4-ZF4c_1_MMStack_Pos4_MIP
02112025_Cen-ZF_select_HCT116_session1,185,0,4775.153402097682,4665.0,1699,2088635,02112025_Cen-ZF_select_HCT116_NT-GFP_Cen1-ZF1c_1_MMStack_Pos3_MIP
02112025_Cen-ZF_select_HCT116_session1,185,1,858.5243748220155,722.0,356,2088635,02112025_Cen-ZF_select_HCT116_NT-GFP_Cen1-ZF1c_1_MMStack_Pos3_MIP
02112025_Cen-ZF_select_HCT116_session1,186,0,4086.289872096673,3919.0,1399,2338025,02112025_Cen-ZF_select_HCT116_NT-GFP_Cen2-ZF2a_1_MMStack_Pos7_MIP
02112025_Cen-ZF_select_HCT116_session1,186,1,1938.4096837725465,1183.0,456,2338025,02112025_Cen-ZF_select_HCT116_NT-GFP_Cen2-ZF2a_1_MMStack_Pos7_MIP
02112025_Cen-ZF_select_HCT116_session1,187,0,3495.6888700745867,3234.0,1314,2461379,02112025_Cen-ZF_select_HCT116_NT-GFP_TLP1c_1_MMStack_Pos7_MIP
02112025_Cen-ZF_select_HCT116_session1,187,1,2364.7076557167156,1353.0,604,2461379,02112025_Cen-ZF_select_HCT116_NT-GFP_TLP1c_1_MMStack_Pos7_MIP
02112025_Cen-ZF_select_HCT116_session1,188,0,4030.8858434051763,3788.0,1540,2395880,02112025_Cen-ZF_select_HCT116_NT-GFP_Cen11-ZF1b_1_MMStack_Pos4_MIP
02112025_Cen-ZF_select_HCT116_session1,188,1,1648.8871820044178,936.0,379,2395880,02112025_Cen-ZF_select_HCT116_NT-GFP_Cen11-ZF1b_1_MMStack_Pos4_MIP
02112025_Cen-ZF_select_HCT116_session1,189,0,4780.458462440771,4538.0,1308,2291644,02112025_Cen-ZF_select_HCT116_NT-GFP_Cen8-ZF4b_1_MMStack_Pos2_MIP
02112025_Cen-ZF_select_HCT116_session1,189,1,1674.5463943297325,1132.0,455,2291644,02112025_Cen-ZF_select_HCT116_NT-GFP_Cen8-ZF4b_1_MMStack_Pos2_MIP
02112025_Cen-ZF_select_HCT116_session1,190,0,3203.5810354930395,2961.0,965,3015549,02112025_Cen-ZF_select_HCT116_NT-GFP_Cen5-ZF2b_1_MMStack_Pos9_MIP
02112025_Cen-ZF_select_HCT116_session1,190,1,1871.9747286480836,1159.0,366,3015549,02112025_Cen-ZF_select_HCT116_NT-GFP_Cen5-ZF2b_1_MMStack_Pos9_MIP
02112025_Cen-ZF_select_HCT116_session1,191,0,4219.586265061777,4013.0,1461,2353434,02112025_Cen-ZF_select_HCT116_utx_1_MMStack_Pos7_MIP
02112025_Cen-ZF_select_HCT116_session1,191,1,613.1797516998633,622.0,348,2353434,02112025_Cen-ZF_select_HCT116_utx_1_MMStack_Pos7_MIP
02112025_Cen-ZF_select_HCT116_session1,192,0,4030.1911858750905,3728.0,1151,2532452,02112025_Cen-ZF_select_HCT116_NT-GFP_Cen10-ZF2c_1_MMStack_Pos10_MIP
02112025_Cen-ZF_select_HCT116_session1,192,1,3594.3949165778245,1593.0,491,2532452,02112025_Cen-ZF_select_HCT116_NT-GFP_Cen10-ZF2c_1_MMStack_Pos10_MIP
02112025_Cen-ZF_select_HCT116_session1,193,0,4832.401793999774,4746.0,1575,2366762,02112025_Cen-ZF_select_HCT116_NT-GFP_Cen7-ZF1g_1_MMStack_Pos7_MIP
02112025_Cen-ZF_select_HCT116_session1,193,1,1871.204189070183,1261.0,477,2366762,02112025_Cen-ZF_select_HCT116_NT-GFP_Cen7-ZF1g_1_MMStack_Pos7_MIP
02112025_Cen-ZF_select_HCT116_session1,194,0,4159.624910846692,3981.0,1215,2310679,02112025_Cen-ZF_select_HCT116_NT-GFP_Cen8-ZF3a_1_MMStack_Pos0_MIP
02112025_Cen-ZF_select_HCT116_session1,194,1,722.8834024786385,678.0,402,2310679,02112025_Cen-ZF_select_HCT116_NT-GFP_Cen8-ZF3a_1_MMStack_Pos0_MIP
02112025_Cen-ZF_select_HCT116_session1,195,0,3389.694360088747,3297.0,1216,2630490,02112025_Cen-ZF_select_HCT116_NT-GFP_Cen9-ZF1a_1_MMStack_Pos7_MIP
02112025_Cen-ZF_select_HCT116_session1,195,1,1013.7639933302818,709.0,384,2630490,02112025_Cen-ZF_select_HCT116_NT-GFP_Cen9-ZF1a_1_MMStack_Pos7_MIP
02112025_Cen-ZF_select_HCT116_session1,196,0,3323.1613188670162,2891.0,983,3056470,02112025_Cen-ZF_select_HCT116_NT-GFP_Cen10-ZF2c_1_MMStack_Pos7_MIP
02112025_Cen-ZF_select_HCT116_session1,196,1,3678.4339600396916,1740.0,646,3056470,02112025_Cen-ZF_select_HCT116_NT-GFP_Cen10-ZF2c_1_MMStack_Pos7_MIP
02112025_Cen-ZF_select_HCT116_session1,197,0,3388.7213341548713,3188.0,1287,2414982,02112025_Cen-ZF_select_HCT116_NT-GFP_Cen12-ZF1b_1_MMStack_Pos1_MIP
02112025_Cen-ZF_select_HCT116_session1,197,1,801.7973806844109,695.0,362,2414982,02112025_Cen-ZF_select_HCT116_NT-GFP_Cen12-ZF1b_1_MMStack_Pos1_MIP
02112025_Cen-ZF_select_HCT116_session1,198,0,3183.787468454687,2870.0,710,2874215,02112025_Cen-ZF_select_HCT116_NT-GFP_Cen2-ZF1a_1_MMStack_Pos7_MIP
02112025_Cen-ZF_select_HCT116_session1,198,1,1227.4285673521147,879.0,398,2874215,02112025_Cen-ZF_select_HCT116_NT-GFP_Cen2-ZF1a_1_MMStack_Pos7_MIP
02112025_Cen-ZF_select_HCT116_session1,199,0,3907.0050306039993,3636.0,1352,2661907,02112025_Cen-ZF_select_HCT116_NT-GFP_Cen14-ZF1a_1_MMStack_Pos7_MIP
02112025_Cen-ZF_select_HCT116_session1,199,1,2123.017695208736,1203.0,441,2661907,02112025_Cen-ZF_select_HCT116_NT-GFP_Cen14-ZF1a_1_MMStack_Pos7_MIP
02112025_Cen-ZF_select_HCT116_session1,200,0,4568.619166113449,4232.0,1570,2297146,02112025_Cen-ZF_select_HCT116_NT-GFP_Cen7-ZF2h_1_MMStack_Pos4_MIP
02112025_Cen-ZF_select_HCT116_session1,200,1,1668.5914799539419,1145.0,420,2297146,02112025_Cen-ZF_select_HCT116_NT-GFP_Cen7-ZF2h_1_MMStack_Pos4_MIP
02112025_Cen-ZF_select_HCT116_session1,201,0,4471.949607047533,4104.0,1692,2510633,02112025_Cen-ZF_select_HCT116_NT-GFP_Cen7-ZF1e_1_MMStack_Pos6_MIP
02112025_Cen-ZF_select_HCT116_session1,201,1,2785.4518768155453,1538.0,538,2510633,02112025_Cen-ZF_select_HCT116_NT-GFP_Cen7-ZF1e_1_MMStack_Pos6_MIP
02112025_Cen-ZF_select_HCT116_session1,202,0,5216.585660971537,4977.0,1947,2232507,02112025_Cen-ZF_select_HCT116_NT-GFP_Cen1-ZF1c_1_MMStack_Pos8_MIP
02112025_Cen-ZF_select_HCT116_session1,202,1,1350.1943496451827,903.0,451,2232507,02112025_Cen-ZF_select_HCT116_NT-GFP_Cen1-ZF1c_1_MMStack_Pos8_MIP
02112025_Cen-ZF_select_HCT116_session1,203,0,4081.875204576937,3903.0,1807,2365050,02112025_Cen-ZF_select_HCT116_NT-GFP_Cen8-ZF4b_1_MMStack_Pos9_MIP
02112025_Cen-ZF_select_HCT116_session1,203,1,1919.3347955796569,1180.0,433,2365050,02112025_Cen-ZF_select_HCT116_NT-GFP_Cen8-ZF4b_1_MMStack_Pos9_MIP
02112025_Cen-ZF_select_HCT116_session1,204,0,3974.9065157989244,3817.0,1264,2609716,02112025_Cen-ZF_select_HCT116_NT-GFP_Cen7-ZF1f_1_MMStack_Pos7_MIP
02112025_Cen-ZF_select_HCT116_session1,204,1,1022.6620849192418,774.0,350,2609716,02112025_Cen-ZF_select_HCT116_NT-GFP_Cen7-ZF1f_1_MMStack_Pos7_MIP
02112025_Cen-ZF_select_HCT116_session1,205,0,4242.627746456826,3982.0,1483,2440755,02112025_Cen-ZF_select_HCT116_NT-GFP_Cen8-ZF4b_1_MMStack_Pos10_MIP
02112025_Cen-ZF_select_HCT116_session1,205,1,2069.192884885052,1299.0,510,2440755,02112025_Cen-ZF_select_HCT116_NT-GFP_Cen8-ZF4b_1_MMStack_Pos10_MIP
02112025_Cen-ZF_select_HCT116_session1,206,0,4169.881322125427,3907.0,1476,2461458,02112025_Cen-ZF_select_HCT116_NT-GFP_Cen4-ZF3c_1_MMStack_Pos5_MIP
02112025_Cen-ZF_select_HCT116_session1,206,1,1808.1460365785317,1182.0,435,2461458,02112025_Cen-ZF_select_HCT116_NT-GFP_Cen4-ZF3c_1_MMStack_Pos5_MIP
02112025_Cen-ZF_select_HCT116_session1,207,0,3947.6896610945964,3776.0,1275,2458939,02112025_Cen-ZF_select_HCT116_NT-GFP_Cen4-ZF4c_1_MMStack_Pos6_MIP
02112025_Cen-ZF_select_HCT116_session1,207,1,1009.4497218452165,793.0,379,2458939,02112025_Cen-ZF_select_HCT116_NT-GFP_Cen4-ZF4c_1_MMStack_Pos6_MIP
02112025_Cen-ZF_select_HCT116_session1,208,0,4343.625261299882,4113.0,1464,2336397,02112025_Cen-ZF_select_HCT116_NT-GFP_Cen5-ZF2b_1_MMStack_Pos2_MIP
02112025_Cen-ZF_select_HCT116_session1,208,1,2145.207144679241,1371.0,478,2336397,02112025_Cen-ZF_select_HCT116_NT-GFP_Cen5-ZF2b_1_MMStack_Pos2_MIP
02112025_Cen-ZF_select_HCT116_session1,209,0,4376.576077647731,4006.0,1242,2397017,02112025_Cen-ZF_select_HCT116_NT-GFP_Cen6-ZF1c_1_MMStack_Pos7_MIP
02112025_Cen-ZF_select_HCT116_session1,209,1,1325.1675698165711,925.0,426,2397017,02112025_Cen-ZF_select_HCT116_NT-GFP_Cen6-ZF1c_1_MMStack_Pos7_MIP
02112025_Cen-ZF_select_HCT116_session1,210,0,4686.303257792727,4558.0,1625,2402697,02112025_Cen-ZF_select_HCT116_NT-GFP_Cen12-ZF2b_1_MMStack_Pos1_MIP
02112025_Cen-ZF_select_HCT116_session1,210,1,2060.0757763587317,1233.0,383,2402697,02112025_Cen-ZF_select_HCT116_NT-GFP_Cen12-ZF2b_1_MMStack_Pos1_MIP
02112025_Cen-ZF_select_HCT116_session1,211,0,3512.892255955505,3253.0,1198,2555260,02112025_Cen-ZF_select_HCT116_NT-GFP_Cen15-ZF2c_1_MMStack_Pos5_MIP
02112025_Cen-ZF_select_HCT116_session1,211,1,1676.2147057753066,1007.0,428,2555260,02112025_Cen-ZF_select_HCT116_NT-GFP_Cen15-ZF2c_1_MMStack_Pos5_MIP
02112025_Cen-ZF_select_HCT116_session1,212,0,3912.928811748573,3630.0,1037,2508582,02112025_Cen-ZF_select_HCT116_NT-GFP_Cen10-ZF1c_1_MMStack_Pos7_MIP
02112025_Cen-ZF_select_HCT116_session1,212,1,2054.5027023471634,1031.0,465,2508582,02112025_Cen-ZF_select_HCT116_NT-GFP_Cen10-ZF1c_1_MMStack_Pos7_MIP
02112025_Cen-ZF_select_HCT116_session1,213,0,3545.616327260092,3199.0,1563,2607430,02112025_Cen-ZF_select_HCT116_NT-GFP_Cen11-ZF1b_1_MMStack_Pos6_MIP
02112025_Cen-ZF_select_HCT116_session1,213,1,2570.930117964527,1200.0,390,2607430,02112025_Cen-ZF_select_HCT116_NT-GFP_Cen11-ZF1b_1_MMStack_Pos6_MIP
02112025_Cen-ZF_select_HCT116_session1,214,0,4195.046105227229,3877.0,1364,2490375,02112025_Cen-ZF_select_HCT116_NT-GFP_Cen8-ZF4b_1_MMStack_Pos0_MIP
02112025_Cen-ZF_select_HCT116_session1,214,1,1560.0025671348117,952.0,506,2490375,02112025_Cen-ZF_select_HCT116_NT-GFP_Cen8-ZF4b_1_MMStack_Pos0_MIP
02112025_Cen-ZF_select_HCT116_session1,215,0,3743.5138933602725,3504.0,1203,2440266,02112025_Cen-ZF_select_HCT116_NT-GFP_Cen15-ZF2c_1_MMStack_Pos11_MIP
02112025_Cen-ZF_select_HCT116_session1,215,1,1388.820511871678,962.0,500,2440266,02112025_Cen-ZF_select_HCT116_NT-GFP_Cen15-ZF2c_1_MMStack_Pos11_MIP
02112025_Cen-ZF_select_HCT116_session1,216,0,3942.795783033128,3787.0,1390,2188569,02112025_Cen-ZF_select_HCT116_NT-GFP_TLP1c_1_MMStack_Pos5_MIP
02112025_Cen-ZF_select_HCT116_session1,216,1,1717.3626025639678,1013.0,401,2188569,02112025_Cen-ZF_select_HCT116_NT-GFP_TLP1c_1_MMStack_Pos5_MIP
02112025_Cen-ZF_select_HCT116_session1,217,0,4064.804444954761,3816.0,1245,2475308,02112025_Cen-ZF_select_HCT116_NT-GFP_Cen2-ZF2a_1_MMStack_Pos5_MIP
02112025_Cen-ZF_select_HCT116_session1,217,1,1175.239896644755,749.0,352,2475308,02112025_Cen-ZF_select_HCT116_NT-GFP_Cen2-ZF2a_1_MMStack_Pos5_MIP
02112025_Cen-ZF_select_HCT116_session1,218,0,3964.610498803686,3651.0,1134,2541039,02112025_Cen-ZF_select_HCT116_NT-GFP_Cen2-ZF2a_1_MMStack_Pos10_MIP
02112025_Cen-ZF_select_HCT116_session1,218,1,1477.222397411092,946.0,337,2541039,02112025_Cen-ZF_select_HCT116_NT-GFP_Cen2-ZF2a_1_MMStack_Pos10_MIP
02112025_Cen-ZF_select_HCT116_session1,219,0,4989.487178995201,4842.0,1815,2142437,02112025_Cen-ZF_select_HCT116_NT-GFP_Cen1-ZF1c_1_MMStack_Pos1_MIP
02112025_Cen-ZF_select_HCT116_session1,219,1,971.6714792135134,760.0,395,2142437,02112025_Cen-ZF_select_HCT116_NT-GFP_Cen1-ZF1c_1_MMStack_Pos1_MIP
02112025_Cen-ZF_select_HCT116_session1,220,0,5482.950706679453,5450.0,1935,2249611,02112025_Cen-ZF_select_HCT116_NT-GFP_Cen7-ZF1g_1_MMStack_Pos10_MIP
02112025_Cen-ZF_select_HCT116_session1,220,1,2804.522062676915,1741.0,478,2249611,02112025_Cen-ZF_select_HCT116_NT-GFP_Cen7-ZF1g_1_MMStack_Pos10_MIP
02112025_Cen-ZF_select_HCT116_session1,221,0,5959.507942422369,5821.0,1741,2108034,02112025_Cen-ZF_select_HCT116_NT-GFP_Cen10-ZF2c_1_MMStack_Pos5_MIP
02112025_Cen-ZF_select_HCT116_session1,221,1,3403.6720487471725,1620.0,497,2108034,02112025_Cen-ZF_select_HCT116_NT-GFP_Cen10-ZF2c_1_MMStack_Pos5_MIP
02112025_Cen-ZF_select_HCT116_session1,222,0,4434.162275675622,4043.0,1427,2347661,02112025_Cen-ZF_select_HCT116_NT-GFP_Cen12-ZF2b_1_MMStack_Pos8_MIP
02112025_Cen-ZF_select_HCT116_session1,222,1,1410.5071130856295,948.0,477,2347661,02112025_Cen-ZF_select_HCT116_NT-GFP_Cen12-ZF2b_1_MMStack_Pos8_MIP
02112025_Cen-ZF_select_HCT116_session1,223,0,4134.871495186989,3897.0,1776,2421786,02112025_Cen-ZF_select_HCT116_NT-GFP_Cen9-ZF1a_1_MMStack_Pos5_MIP
02112025_Cen-ZF_select_HCT116_session1,223,1,924.636651674473,757.0,390,2421786,02112025_Cen-ZF_select_HCT116_NT-GFP_Cen9-ZF1a_1_MMStack_Pos5_MIP
02112025_Cen-ZF_select_HCT116_session1,224,0,4142.985592148577,3911.0,1584,2424146,02112025_Cen-ZF_select_HCT116_NT-GFP_Cen8-ZF3a_1_MMStack_Pos2_MIP
02112025_Cen-ZF_select_HCT116_session1,224,1,904.2882877855783,718.0,376,2424146,02112025_Cen-ZF_select_HCT116_NT-GFP_Cen8-ZF3a_1_MMStack_Pos2_MIP
02112025_Cen-ZF_select_HCT116_session1,225,0,3411.2049075410155,3294.0,1204,2156634,02112025_Cen-ZF_select_HCT116_NT-GFP_Cen12-ZF1b_1_MMStack_Pos3_MIP
02112025_Cen-ZF_select_HCT116_session1,225,1,1030.336242224351,710.0,392,2156634,02112025_Cen-ZF_select_HCT116_NT-GFP_Cen12-ZF1b_1_MMStack_Pos3_MIP
02112025_Cen-ZF_select_HCT116_session1,226,0,3996.5870194801128,3668.0,1517,2443110,02112025_Cen-ZF_select_HCT116_utx_1_MMStack_Pos5_MIP
02112025_Cen-ZF_select_HCT116_session1,226,1,603.1656020398264,610.0,330,2443110,02112025_Cen-ZF_select_HCT116_utx_1_MMStack_Pos5_MIP
02112025_Cen-ZF_select_HCT116_session1,227,0,5110.094824477996,5027.0,1226,2386324,02112025_Cen-ZF_select_HCT116_NT-GFP_Cen7-ZF1g_1_MMStack_Pos5_MIP
02112025_Cen-ZF_select_HCT116_session1,227,1,2318.410144019775,1479.0,640,2386324,02112025_Cen-ZF_select_HCT116_NT-GFP_Cen7-ZF1g_1_MMStack_Pos5_MIP
02112025_Cen-ZF_select_HCT116_session1,228,0,4221.263103302327,3820.0,1198,2613552,02112025_Cen-ZF_select_HCT116_NT-GFP_Cen15-ZF2c_1_MMStack_Pos10_MIP
02112025_Cen-ZF_select_HCT116_session1,228,1,1593.8523967388494,895.0,399,2613552,02112025_Cen-ZF_select_HCT116_NT-GFP_Cen15-ZF2c_1_MMStack_Pos10_MIP
02112025_Cen-ZF_select_HCT116_session1,229,0,4356.907073825848,4118.0,1762,2298265,02112025_Cen-ZF_select_HCT116_NT-GFP_Cen8-ZF4b_1_MMStack_Pos1_MIP
02112025_Cen-ZF_select_HCT116_session1,229,1,1998.8924334477836,1353.0,453,2298265,02112025_Cen-ZF_select_HCT116_NT-GFP_Cen8-ZF4b_1_MMStack_Pos1_MIP
02112025_Cen-ZF_select_HCT116_session1,230,0,4199.561642891005,3922.0,1179,2320889,02112025_Cen-ZF_select_HCT116_NT-GFP_Cen11-ZF1b_1_MMStack_Pos7_MIP
02112025_Cen-ZF_select_HCT116_session1,230,1,1533.5052044994181,913.0,460,2320889,02112025_Cen-ZF_select_HCT116_NT-GFP_Cen11-ZF1b_1_MMStack_Pos7_MIP
02112025_Cen-ZF_select_HCT116_session1,231,0,3821.0527077539814,3679.0,1175,2489426,02112025_Cen-ZF_select_HCT116_NT-GFP_Cen2-ZF2a_1_MMStack_Pos4_MIP
02112025_Cen-ZF_select_HCT116_session1,231,1,1300.2488877859075,858.0,448,2489426,02112025_Cen-ZF_select_HCT116_NT-GFP_Cen2-ZF2a_1_MMStack_Pos4_MIP
02112025_Cen-ZF_select_HCT116_session1,232,0,3640.3406011332354,3393.0,1247,2535395,02112025_Cen-ZF_select_HCT116_NT-GFP_TLP1c_1_MMStack_Pos4_MIP
02112025_Cen-ZF_select_HCT116_session1,232,1,1800.7939395063272,1125.0,461,2535395,02112025_Cen-ZF_select_HCT116_NT-GFP_TLP1c_1_MMStack_Pos4_MIP
02112025_Cen-ZF_select_HCT116_session1,233,0,4825.535195989775,4525.0,1866,2364002,02112025_Cen-ZF_select_HCT116_NT-GFP_Cen1-ZF1c_1_MMStack_Pos0_MIP
02112025_Cen-ZF_select_HCT116_session1,233,1,1217.3825960994764,882.0,414,2364002,02112025_Cen-ZF_select_HCT116_NT-GFP_Cen1-ZF1c_1_MMStack_Pos0_MIP
02112025_Cen-ZF_select_HCT116_session1,234,0,3893.368159404604,3691.0,1370,2479830,02112025_Cen-ZF_select_HCT116_NT-GFP_Cen2-ZF2a_1_MMStack_Pos11_MIP
02112025_Cen-ZF_select_HCT116_session1,234,1,1264.4827500133074,886.0,367,2479830,02112025_Cen-ZF_select_HCT116_NT-GFP_Cen2-ZF2a_1_MMStack_Pos11_MIP
02112025_Cen-ZF_select_HCT116_session1,235,0,3321.28122665844,3116.0,1213,2388917,02112025_Cen-ZF_select_HCT116_NT-GFP_Cen12-ZF1b_1_MMStack_Pos2_MIP
02112025_Cen-ZF_select_HCT116_session1,235,1,1970.3120620379366,894.0,346,2388917,02112025_Cen-ZF_select_HCT116_NT-GFP_Cen12-ZF1b_1_MMStack_Pos2_MIP
02112025_Cen-ZF_select_HCT116_session1,236,0,4308.862458964338,4068.0,1403,2447169,02112025_Cen-ZF_select_HCT116_NT-GFP_Cen10-ZF2c_1_MMStack_Pos4_MIP
02112025_Cen-ZF_select_HCT116_session1,236,1,6966.420865180712,3730.0,1041,2447169,02112025_Cen-ZF_select_HCT116_NT-GFP_Cen10-ZF2c_1_MMStack_Pos4_MIP
02112025_Cen-ZF_select_HCT116_session1,237,0,4952.738766079772,4787.0,1994,2310969,02112025_Cen-ZF_select_HCT116_NT-GFP_Cen7-ZF1g_1_MMStack_Pos11_MIP
02112025_Cen-ZF_select_HCT116_session1,237,1,1225.8697584456556,905.0,522,2310969,02112025_Cen-ZF_select_HCT116_NT-GFP_Cen7-ZF1g_1_MMStack_Pos11_MIP
02112025_Cen-ZF_select_HCT116_session1,238,0,4267.441507325307,4144.0,1628,2182219,02112025_Cen-ZF_select_HCT116_NT-GFP_Cen8-ZF3a_1_MMStack_Pos3_MIP
02112025_Cen-ZF_select_HCT116_session1,238,1,1200.1918061694691,858.0,401,2182219,02112025_Cen-ZF_select_HCT116_NT-GFP_Cen8-ZF3a_1_MMStack_Pos3_MIP
02112025_Cen-ZF_select_HCT116_session1,239,0,3911.753214780567,3786.0,1429,2351368,02112025_Cen-ZF_select_HCT116_NT-GFP_Cen9-ZF1a_1_MMStack_Pos4_MIP
02112025_Cen-ZF_select_HCT116_session1,239,1,1224.8381921078928,839.0,405,2351368,02112025_Cen-ZF_select_HCT116_NT-GFP_Cen9-ZF1a_1_MMStack_Pos4_MIP
02112025_Cen-ZF_select_HCT116_session1,240,0,4457.969828703705,4249.0,1685,2327315,02112025_Cen-ZF_select_HCT116_NT-GFP_Cen12-ZF2b_1_MMStack_Pos9_MIP
02112025_Cen-ZF_select_HCT116_session1,240,1,1268.4468979767853,843.0,411,2327315,02112025_Cen-ZF_select_HCT116_NT-GFP_Cen12-ZF2b_1_MMStack_Pos9_MIP
02112025_Cen-ZF_select_HCT116_session1,241,0,5437.046615553791,5474.0,1800,2296757,02112025_Cen-ZF_select_HCT116_NT-GFP_Cen7-ZF1g_1_MMStack_Pos4_MIP
02112025_Cen-ZF_select_HCT116_session1,241,1,2918.4568579108595,1953.0,539,2296757,02112025_Cen-ZF_select_HCT116_NT-GFP_Cen7-ZF1g_1_MMStack_Pos4_MIP
02112025_Cen-ZF_select_HCT116_session1,242,0,3324.154735787003,3074.0,1428,2484737,02112025_Cen-ZF_select_HCT116_utx_1_MMStack_Pos4_MIP
02112025_Cen-ZF_select_HCT116_session1,242,1,625.5100601005568,632.0,344,2484737,02112025_Cen-ZF_select_HCT116_utx_1_MMStack_Pos4_MIP
02112025_Cen-ZF_select_HCT116_session1,243,0,4151.806992507448,3889.0,1358,2466915,02112025_Cen-ZF_select_HCT116_NT-GFP_Cen7-ZF1e_1_MMStack_Pos7_MIP
02112025_Cen-ZF_select_HCT116_session1,243,1,2379.1337883252563,1349.0,534,2466915,02112025_Cen-ZF_select_HCT116_NT-GFP_Cen7-ZF1e_1_MMStack_Pos7_MIP
02112025_Cen-ZF_select_HCT116_session1,244,0,4807.53830019928,4530.0,1787,2383937,02112025_Cen-ZF_select_HCT116_NT-GFP_Cen7-ZF2h_1_MMStack_Pos5_MIP
02112025_Cen-ZF_select_HCT116_session1,244,1,1689.0042364140013,1013.0,407,2383937,02112025_Cen-ZF_select_HCT116_NT-GFP_Cen7-ZF2h_1_MMStack_Pos5_MIP
02112025_Cen-ZF_select_HCT116_session1,245,0,3967.0670590968402,3705.0,1283,2598452,02112025_Cen-ZF_select_HCT116_NT-GFP_Cen14-ZF1a_1_MMStack_Pos6_MIP
02112025_Cen-ZF_select_HCT116_session1,245,1,1610.8552334874776,977.0,417,2598452,02112025_Cen-ZF_select_HCT116_NT-GFP_Cen14-ZF1a_1_MMStack_Pos6_MIP
02112025_Cen-ZF_select_HCT116_session1,246,0,5352.365693179418,5203.0,1867,2040502,02112025_Cen-ZF_select_HCT116_NT-GFP_Cen1-ZF1c_1_MMStack_Pos9_MIP
02112025_Cen-ZF_select_HCT116_session1,246,1,1226.0364923535399,858.0,429,2040502,02112025_Cen-ZF_select_HCT116_NT-GFP_Cen1-ZF1c_1_MMStack_Pos9_MIP
02112025_Cen-ZF_select_HCT116_session1,247,0,3816.8019843163825,3643.0,1123,2397512,02112025_Cen-ZF_select_HCT116_NT-GFP_Cen2-ZF1a_1_MMStack_Pos6_MIP
02112025_Cen-ZF_select_HCT116_session1,247,1,1149.4211476008973,868.0,368,2397512,02112025_Cen-ZF_select_HCT116_NT-GFP_Cen2-ZF1a_1_MMStack_Pos6_MIP
02112025_Cen-ZF_select_HCT116_session1,248,0,4290.465484379365,4115.0,1820,2590857,02112025_Cen-ZF_select_HCT116_NT-GFP_Cen8-ZF4b_1_MMStack_Pos11_MIP
02112025_Cen-ZF_select_HCT116_session1,248,1,1634.7400004713797,1174.0,456,2590857,02112025_Cen-ZF_select_HCT116_NT-GFP_Cen8-ZF4b_1_MMStack_Pos11_MIP
02112025_Cen-ZF_select_HCT116_session1,249,0,4747.240558551484,4425.0,1532,2575671,02112025_Cen-ZF_select_HCT116_NT-GFP_Cen7-ZF1f_1_MMStack_Pos6_MIP
02112025_Cen-ZF_select_HCT116_session1,249,1,1014.6143472194555,780.0,400,2575671,02112025_Cen-ZF_select_HCT116_NT-GFP_Cen7-ZF1f_1_MMStack_Pos6_MIP
02112025_Cen-ZF_select_HCT116_session1,250,0,4357.434554518448,4184.0,1559,2439703,02112025_Cen-ZF_select_HCT116_NT-GFP_Cen8-ZF4b_1_MMStack_Pos8_MIP
02112025_Cen-ZF_select_HCT116_session1,250,1,1736.2383372561633,1145.0,469,2439703,02112025_Cen-ZF_select_HCT116_NT-GFP_Cen8-ZF4b_1_MMStack_Pos8_MIP
02112025_Cen-ZF_select_HCT116_session1,251,0,4086.172633027631,3907.0,1559,2551216,02112025_Cen-ZF_select_HCT116_NT-GFP_Cen4-ZF3c_1_MMStack_Pos4_MIP
02112025_Cen-ZF_select_HCT116_session1,251,1,2019.4985519975219,1196.0,484,2551216,02112025_Cen-ZF_select_HCT116_NT-GFP_Cen4-ZF3c_1_MMStack_Pos4_MIP
02112025_Cen-ZF_select_HCT116_session1,252,0,4409.954003123623,4196.0,1540,2269371,02112025_Cen-ZF_select_HCT116_NT-GFP_Cen4-ZF4c_1_MMStack_Pos7_MIP
02112025_Cen-ZF_select_HCT116_session1,252,1,1387.9473795166152,898.0,497,2269371,02112025_Cen-ZF_select_HCT116_NT-GFP_Cen4-ZF4c_1_MMStack_Pos7_MIP
02112025_Cen-ZF_select_HCT116_session1,253,0,4066.431399494916,3694.0,1714,2677629,02112025_Cen-ZF_select_HCT116_NT-GFP_Cen5-ZF2b_1_MMStack_Pos3_MIP
02112025_Cen-ZF_select_HCT116_session1,253,1,2424.1165859048037,1378.0,473,2677629,02112025_Cen-ZF_select_HCT116_NT-GFP_Cen5-ZF2b_1_MMStack_Pos3_MIP
02112025_Cen-ZF_select_HCT116_session1,254,0,4430.40509597551,4278.0,1619,2403996,02112025_Cen-ZF_select_HCT116_NT-GFP_Cen10-ZF1c_1_MMStack_Pos6_MIP
02112025_Cen-ZF_select_HCT116_session1,254,1,1409.0698799035495,985.0,407,2403996,02112025_Cen-ZF_select_HCT116_NT-GFP_Cen10-ZF1c_1_MMStack_Pos6_MIP
02112025_Cen-ZF_select_HCT116_session1,255,0,3916.0580400847175,3693.0,1294,2261018,02112025_Cen-ZF_select_HCT116_NT-GFP_Cen15-ZF2c_1_MMStack_Pos4_MIP
02112025_Cen-ZF_select_HCT116_session1,255,1,2375.6158854216264,1270.0,433,2261018,02112025_Cen-ZF_select_HCT116_NT-GFP_Cen15-ZF2c_1_MMStack_Pos4_MIP
02112025_Cen-ZF_select_HCT116_session1,256,0,3518.7004928925044,3233.0,1068,2763501,02112025_Cen-ZF_select_HCT116_NT-GFP_Cen6-ZF1c_1_MMStack_Pos6_MIP
02112025_Cen-ZF_select_HCT116_session1,256,1,1242.6655355230016,813.0,336,2763501,02112025_Cen-ZF_select_HCT116_NT-GFP_Cen6-ZF1c_1_MMStack_Pos6_MIP
02112025_Cen-ZF_select_HCT116_session1,257,0,3993.1566677383657,3833.0,1146,2566045,02112025_Cen-ZF_select_HCT116_NT-GFP_Cen12-ZF2b_1_MMStack_Pos0_MIP
02112025_Cen-ZF_select_HCT116_session1,257,1,1576.5778233163267,1058.0,398,2566045,02112025_Cen-ZF_select_HCT116_NT-GFP_Cen12-ZF2b_1_MMStack_Pos0_MIP
